EntrezID;EnsemblID;LogFC
58175;ENSMUSG00000002459;-0.68101865
170755;ENSMUSG00000025915;0.6605285
14859;ENSMUSG00000025934;-0.62097335
170771;ENSMUSG00000026058;-0.7574742
13518;ENSMUSG00000026131;0.64395905
12627;ENSMUSG00000026124;2.247382
226970;ENSMUSG00000037509;-0.7455543
22637;ENSMUSG00000026117;-1.1858927
72097;ENSMUSG00000026090;-0.64899576
98388;ENSMUSG00000026080;1.2663361
18143;ENSMUSG00000026077;-0.81928074
263764;ENSMUSG00000050967;0.8614427
226999;ENSMUSG00000026062;-1.5370606
381339;ENSMUSG00000079588;-0.7724501
93690;ENSMUSG00000041907;-0.80002534
53945;ENSMUSG00000025993;0.61674595
20849;ENSMUSG00000062939;-0.7124149
67080;ENSMUSG00000043629;-0.94883627
17700;ENSMUSG00000026100;-1.1484461
212712;ENSMUSG00000038331;0.6083721
14369;ENSMUSG00000041075;0.8636652
12487;ENSMUSG00000026012;-0.7320099
14367;ENSMUSG00000045005;1.0178969
227231;ENSMUSG00000025991;-1.2553589
16008;ENSMUSG00000039323;-0.75836974
435626;ENSMUSG00000061815;-0.86985826
241113;ENSMUSG00000006542;-0.8105491
22420;ENSMUSG00000033227;-0.6017961
74104;ENSMUSG00000026198;0.9115782
22145;ENSMUSG00000026202;0.75862086
57814;ENSMUSG00000047330;-0.7034893
12828;ENSMUSG00000079465;-0.7712561
77629;ENSMUSG00000026163;0.70608586
98496;ENSMUSG00000045658;-0.6490874
71781;ENSMUSG00000026220;-1.5902914
20684;ENSMUSG00000026222;-1.1745658
227326;ENSMUSG00000049608;-1.2679423
11449;ENSMUSG00000026253;-2.444428
98363;ENSMUSG00000026255;-1.0894986
53972;ENSMUSG00000026259;0.8256583
394432;ENSMUSG00000054545;-0.97613686
171531;ENSMUSG00000026303;-0.6098159
65247;ENSMUSG00000026311;0.5935961
64095;ENSMUSG00000026271;-0.81761694
208777;ENSMUSG00000047793;-0.7605909
18484;ENSMUSG00000026335;-0.67095184
241175;ENSMUSG00000067028;0.9846922
71869;ENSMUSG00000059956;-1.0121626
68428;ENSMUSG00000026389;0.82703876
266645;ENSMUSG00000026348;1.2405142
226418;ENSMUSG00000046404;0.6495883
212439;ENSMUSG00000042510;0.7665183
64435;ENSMUSG00000026415;-0.5925386
69169;ENSMUSG00000042474;-0.87878525
56489;ENSMUSG00000042349;-0.5908123
21367;ENSMUSG00000053024;0.68522644
269120;ENSMUSG00000010311;-0.8297559
116847;ENSMUSG00000041577;-0.65378034
53311;ENSMUSG00000042451;1.0339392
17928;ENSMUSG00000026459;1.6274043
20980;ENSMUSG00000026452;0.83481264
329252;ENSMUSG00000042793;1.4860218
93689;ENSMUSG00000048096;0.87289906
381293;ENSMUSG00000041498;0.64130336
16876;ENSMUSG00000019230;0.65607023
170788;ENSMUSG00000063681;-0.6765472
545366;ENSMUSG00000033898;-1.0044007
96875;ENSMUSG00000006014;0.79322624
63913;ENSMUSG00000026483;-0.5889387
16782;ENSMUSG00000026479;-1.1624014
67792;ENSMUSG00000042671;-0.7561728
15064;ENSMUSG00000026471;-0.79210424
30935;ENSMUSG00000060519;-0.63302135
240843;ENSMUSG00000004031;-0.7045638
23850;ENSMUSG00000073530;-0.6988429
67647;ENSMUSG00000050883;0.6577486
55990;ENSMUSG00000040170;-1.5013853
20339;ENSMUSG00000026582;-0.7379088
56429;ENSMUSG00000026574;-0.97527254
59290;ENSMUSG00000000544;0.9056827
66447;ENSMUSG00000026688;0.7687734
110648;ENSMUSG00000026686;1.1978903
19737;ENSMUSG00000026678;0.96382666
11807;ENSMUSG00000005681;-0.92537135
71740;ENSMUSG00000006411;1.0005763
12506;ENSMUSG00000015355;-0.59994274
27218;ENSMUSG00000015316;-0.62452954
12523;ENSMUSG00000038147;-0.60143834
98365;ENSMUSG00000026548;0.93495655
15951;ENSMUSG00000073489;-1.1637398
381308;ENSMUSG00000026536;-0.7896112
226695;ENSMUSG00000054203;-0.85962784
258302;ENSMUSG00000055033;0.7435826
20739;ENSMUSG00000026532;1.3725525
319455;ENSMUSG00000055214;-0.67238533
381310;ENSMUSG00000053963;0.7700165
320202;ENSMUSG00000066652;1.0988791
69051;ENSMUSG00000026520;0.675018
13590;ENSMUSG00000038793;0.79413015
13849;ENSMUSG00000038776;-0.6061471
403180;ENSMUSG00000050625;-0.85958683
226777;ENSMUSG00000039349;-0.76990956
226781;ENSMUSG00000026614;1.2508608
22283;ENSMUSG00000026609;1.8388288
226844;ENSMUSG00000066595;0.72958213
329324;ENSMUSG00000016200;0.77575934
15483;ENSMUSG00000016194;-1.3753585
14373;ENSMUSG00000009633;-0.64622813
16780;ENSMUSG00000026639;-0.7558117
74186;ENSMUSG00000026676;-1.0492007
227541;ENSMUSG00000039145;0.94189614
19212;ENSMUSG00000026730;-0.6670481
227580;ENSMUSG00000049630;-1.8343973
625286;ENSMUSG00000061531;1.3258982
17533;ENSMUSG00000026712;-0.97359717
71435;ENSMUSG00000036591;0.612949
14417;ENSMUSG00000026787;0.9381914
12287;ENSMUSG00000004113;0.7261527
69454;ENSMUSG00000015093;-0.7114411
381353;ENSMUSG00000029419;-0.6014036
14133;ENSMUSG00000026938;-1.2571447
98766;ENSMUSG00000036352;0.6540499
16871;ENSMUSG00000026934;0.86633146
329366;ENSMUSG00000048038;-0.65565914
14582;ENSMUSG00000026815;1.8937867
69987;ENSMUSG00000026809;0.86420584
329375;ENSMUSG00000079502;-0.77640885
227696;ENSMUSG00000079484;-0.71760845
77996;ENSMUSG00000026870;-1.2465982
22029;ENSMUSG00000026875;-0.9428874
19224;ENSMUSG00000047250;-0.63178885
338346;ENSMUSG00000053164;-0.71329784
16870;ENSMUSG00000000247;0.8079177
241327;ENSMUSG00000046618;-0.6728548
76117;ENSMUSG00000049744;-0.7224772
16574;ENSMUSG00000026764;0.59146166
71897;ENSMUSG00000026765;-0.72605306
12298;ENSMUSG00000017412;-0.6260586
67874;ENSMUSG00000075334;0.716781
269275;ENSMUSG00000026834;-1.6228726
17076;ENSMUSG00000026980;0.6087971
94229;ENSMUSG00000026904;-1.4198109
13482;ENSMUSG00000035000;-0.803434
170738;ENSMUSG00000059742;0.6187356
77771;ENSMUSG00000044647;1.1240423
329416;ENSMUSG00000034738;-0.65720177
241452;ENSMUSG00000027068;0.99126005
66748;ENSMUSG00000075302;-0.5955324
13390;ENSMUSG00000041911;0.69973814
13392;ENSMUSG00000023391;0.82313615
381371;ENSMUSG00000064263;1.200926
16403;ENSMUSG00000027111;0.640687
15434;ENSMUSG00000079277;0.934164
13067;ENSMUSG00000056436;-2.2389703
241525;ENSMUSG00000034059;0.68489933
56791;ENSMUSG00000027078;0.79008865
72401;ENSMUSG00000027075;0.8850476
58207;ENSMUSG00000027074;0.68622047
258571;ENSMUSG00000045392;-0.6234994
258330;ENSMUSG00000082980;0.83000505
12672;ENSMUSG00000040495;0.8300015
277414;ENSMUSG00000068735;-1.0069706
210622;ENSMUSG00000027188;-0.6195483
333883;ENSMUSG00000068686;0.60432494
241589;ENSMUSG00000068373;1.6242146
18508;ENSMUSG00000027168;3.8748913
16492;ENSMUSG00000042604;-0.81737643
228432;ENSMUSG00000074968;0.7277215
20192;ENSMUSG00000057378;-0.6560873
383787;ENSMUSG00000078137;-3.972116
18796;ENSMUSG00000040061;-0.6728737
214239;ENSMUSG00000045838;-0.8277527
320415;ENSMUSG00000046814;-0.72006655
69065;ENSMUSG00000027313;0.6180091
228550;ENSMUSG00000027296;0.61168844
17005;ENSMUSG00000027297;-1.2716386
13828;ENSMUSG00000023216;1.0885197
12716;ENSMUSG00000000308;-0.9724268
269346;ENSMUSG00000027219;-2.1702106
67092;ENSMUSG00000027199;-0.8834728
14178;ENSMUSG00000027208;-1.0170946
15186;ENSMUSG00000027360;-0.62500685
13537;ENSMUSG00000027368;-0.6556956
11552;ENSMUSG00000058620;0.97379434
17153;ENSMUSG00000027375;-1.1877687
228576;ENSMUSG00000027377;-0.9821099
20515;ENSMUSG00000027397;0.7731835
21818;ENSMUSG00000027401;-1.1128156
20612;ENSMUSG00000027322;-2.5950294
67326;ENSMUSG00000027327;0.7298425
12531;ENSMUSG00000027330;0.871589
228608;ENSMUSG00000027333;0.7472782
26434;ENSMUSG00000027338;-0.64031327
246313;ENSMUSG00000050558;0.58806896
20608;ENSMUSG00000037014;1.2306845
21824;ENSMUSG00000074743;0.8116369
545471;ENSMUSG00000074731;-0.8190099
68738;ENSMUSG00000027452;0.85581493
78177;ENSMUSG00000068115;0.8065233
108832;ENSMUSG00000044364;-0.76940143
11602;ENSMUSG00000027460;1.0036795
69698;ENSMUSG00000027463;2.0016904
246700;ENSMUSG00000050645;1.9038029
228785;ENSMUSG00000027470;-0.7986989
14239;ENSMUSG00000074676;-1.2177432
252864;ENSMUSG00000042662;-0.91727304
228788;ENSMUSG00000027474;-0.7303251
19124;ENSMUSG00000027611;-0.5854057
16803;ENSMUSG00000016024;-0.8108708
22348;ENSMUSG00000037771;1.3179351
16658;ENSMUSG00000074622;-1.1842339
17865;ENSMUSG00000017861;0.82810557
241770;ENSMUSG00000035226;-0.6654795
17183;ENSMUSG00000016995;-0.6314391
69553;ENSMUSG00000074577;0.7934996
241794;ENSMUSG00000074575;-1.1173394
18019;ENSMUSG00000027544;-0.70561725
76960;ENSMUSG00000013523;0.61307347
17201;ENSMUSG00000038537;1.469983
67017;ENSMUSG00000027495;0.86988354
13628;ENSMUSG00000016349;-0.8752378
20262;ENSMUSG00000027581;2.1004307
11770;ENSMUSG00000062515;-0.82083243
66371;ENSMUSG00000027536;-0.5912278
12349;ENSMUSG00000027562;1.1484976
59058;ENSMUSG00000025128;-0.98089874
12870;ENSMUSG00000003617;-0.95036626
12873;ENSMUSG00000001865;-1.2059981
192167;ENSMUSG00000063887;-1.2981434
22035;ENSMUSG00000039304;0.6474616
18417;ENSMUSG00000037625;-0.6250534
21744;ENSMUSG00000027719;-0.6842625
73333;ENSMUSG00000069041;-1.0518156
17116;ENSMUSG00000056947;0.6498647
229302;ENSMUSG00000027801;-2.3994365
329650;ENSMUSG00000056476;0.62833756
74191;ENSMUSG00000036362;-0.87879586
56758;ENSMUSG00000027763;0.6602831
17349;ENSMUSG00000048416;-0.59470844
386750;ENSMUSG00000048304;-2.6872158
12038;ENSMUSG00000027792;-0.66731006
14800;ENSMUSG00000033981;-1.7603574
14658;ENSMUSG00000028020;-0.61445075
229445;ENSMUSG00000028015;-0.6686226
56720;ENSMUSG00000028011;-0.8588325
18167;ENSMUSG00000028004;1.1466995
20319;ENSMUSG00000027996;-1.1385062
229474;ENSMUSG00000041842;0.6343911
23937;ENSMUSG00000057777;0.6727384
12480;ENSMUSG00000041750;-0.67441
18770;ENSMUSG00000041237;2.332619
15168;ENSMUSG00000028051;0.7772131
17829;ENSMUSG00000042784;-0.6171667
11444;ENSMUSG00000027950;0.7972065
20193;ENSMUSG00000044080;-0.9656887
20196;ENSMUSG00000042312;-0.5971505
16939;ENSMUSG00000043165;0.8361573
20755;ENSMUSG00000078664;-1.1272159
100303744;ENSMUSG00000068893;-1.2987401
19885;ENSMUSG00000028150;-0.9887754
78784;ENSMUSG00000028137;0.6255776
22156;ENSMUSG00000005968;0.6597379
13038;ENSMUSG00000028111;-0.6837425
56338;ENSMUSG00000038393;-0.7278557
213121;ENSMUSG00000038354;-0.6752532
14613;ENSMUSG00000057123;-0.61916894
15493;ENSMUSG00000063730;0.65957856
15492;ENSMUSG00000027871;0.75562036
56185;ENSMUSG00000027870;1.1045706
21384;ENSMUSG00000027868;-1.3828251
242122;ENSMUSG00000051076;-0.6281987
12373;ENSMUSG00000027861;-0.6122408
381463;ENSMUSG00000048938;-1.22058
19260;ENSMUSG00000027843;-1.5153037
11542;ENSMUSG00000000562;-0.7281842
433638;ENSMUSG00000074342;-0.70977926
12508;ENSMUSG00000040747;-0.59311056
229706;ENSMUSG00000027894;-0.6302163
11694;ENSMUSG00000014603;1.1306045
14864;ENSMUSG00000004038;-0.71522504
14686;ENSMUSG00000009108;0.73348683
11722;ENSMUSG00000074264;-1.5898147
114301;ENSMUSG00000033377;-0.67513657
99586;ENSMUSG00000033308;-0.61799335
99887;ENSMUSG00000028132;0.8479954
14630;ENSMUSG00000028124;0.89418256
59006;ENSMUSG00000028116;-0.8469884
83398;ENSMUSG00000027977;-0.60027796
64580;ENSMUSG00000027971;-0.9327855
22239;ENSMUSG00000032854;-0.73124707
271970;ENSMUSG00000046561;-0.6569276
70617;ENSMUSG00000050549;0.89989537
69772;ENSMUSG00000028167;-0.6246163
67547;ENSMUSG00000053897;1.0113379
242248;ENSMUSG00000037922;-1.7725196
11522;ENSMUSG00000074207;-1.2831767
12167;ENSMUSG00000052430;-1.5172391
229898;ENSMUSG00000040264;-1.3268348
229900;ENSMUSG00000040253;-1.3871309
55932;ENSMUSG00000028268;-1.6776749
14469;ENSMUSG00000028270;-0.5933863
12722;ENSMUSG00000056025;-0.62348014
80797;ENSMUSG00000028262;-0.6796179
69219;ENSMUSG00000028194;0.84387684
68279;ENSMUSG00000011008;-1.0449843
65086;ENSMUSG00000036832;-0.6956829
99167;ENSMUSG00000036825;0.8895324
170757;ENSMUSG00000039167;-0.7040002
99899;ENSMUSG00000028037;-2.5966876
19220;ENSMUSG00000028036;0.62968504
66772;ENSMUSG00000038997;1.1864712
320840;ENSMUSG00000040037;-1.3589132
252838;ENSMUSG00000041272;-0.6679494
12319;ENSMUSG00000041261;-0.75852776
50500;ENSMUSG00000073988;-0.6607745
100019;ENSMUSG00000058006;0.701746
230073;ENSMUSG00000040296;-0.9812511
20731;ENSMUSG00000028415;-1.0685428
11828;ENSMUSG00000028435;1.6108583
277773;ENSMUSG00000050141;1.1230531
100039781;ENSMUSG00000071001;-0.66471237
666060;ENSMUSG00000035615;0.67876816
72535;ENSMUSG00000035561;-0.62681866
75426;ENSMUSG00000035551;-3.23704
381522;ENSMUSG00000035539;-1.633795
93966;ENSMUSG00000028332;1.8437818
242425;ENSMUSG00000039809;0.9120054
68016;ENSMUSG00000028348;-1.0391513
272031;ENSMUSG00000063446;-0.67941046
21350;ENSMUSG00000028417;-0.9702475
230235;ENSMUSG00000045589;-1.3068085
545622;ENSMUSG00000038764;-0.5942671
67103;ENSMUSG00000028378;0.6828429
17025;ENSMUSG00000028393;1.1015339
11699;ENSMUSG00000028356;-1.2876981
21898;ENSMUSG00000039005;-0.6535244
242506;ENSMUSG00000049122;-0.6996589
76376;ENSMUSG00000037996;0.8366457
242523;ENSMUSG00000043753;-1.6623161
74519;ENSMUSG00000015224;-0.611433
100102;ENSMUSG00000044254;-2.2203417
242602;ENSMUSG00000054362;0.745594
329910;ENSMUSG00000034853;0.64818513
16975;ENSMUSG00000028613;1.0545315
242607;ENSMUSG00000008932;0.8274946
242608;ENSMUSG00000028600;0.6443842
545667;ENSMUSG00000059816;-0.81151617
18392;ENSMUSG00000028587;0.95385885
108802;ENSMUSG00000028558;-1.1635787
230603;ENSMUSG00000028555;0.7564348
12580;ENSMUSG00000028551;0.70550823
78933;ENSMUSG00000061298;-0.68208706
666048;ENSMUSG00000070867;0.834363
21349;ENSMUSG00000028717;1.1099043
67182;ENSMUSG00000028716;0.9463189
13120;ENSMUSG00000028713;0.60389197
22275;ENSMUSG00000028684;0.96964264
19207;ENSMUSG00000028681;-0.7512369
14664;ENSMUSG00000028542;1.0799019
11876;ENSMUSG00000028539;0.6694539
68625;ENSMUSG00000028730;0.9326789
27028;ENSMUSG00000028644;1.1273572
194219;ENSMUSG00000047518;-1.8546479
56222;ENSMUSG00000070803;1.2017177
12840;ENSMUSG00000028626;-0.61169845
16918;ENSMUSG00000028654;0.6441493
230718;ENSMUSG00000054958;-1.6306732
75563;ENSMUSG00000042707;0.7306698
14612;ENSMUSG00000050234;-0.6113205
14622;ENSMUSG00000042357;1.1961634
384059;ENSMUSG00000062545;-1.437135
215493;ENSMUSG00000028794;1.1788872
230766;ENSMUSG00000050493;-0.71640384
94242;ENSMUSG00000028776;0.689674
19273;ENSMUSG00000028909;0.7112093
230787;ENSMUSG00000037731;-0.64118826
14191;ENSMUSG00000028874;0.8035716
69655;ENSMUSG00000028865;-0.7700684
194231;ENSMUSG00000028841;-0.7786771
19746;ENSMUSG00000028825;1.4235156
78806;ENSMUSG00000028801;0.79926825
242705;ENSMUSG00000018983;1.132419
13844;ENSMUSG00000028664;0.8056822
110351;ENSMUSG00000041351;0.8716749
18784;ENSMUSG00000041193;-1.1637216
69116;ENSMUSG00000066036;0.74069345
242721;ENSMUSG00000078234;1.0848291
230868;ENSMUSG00000040972;1.3719664
242735;ENSMUSG00000028584;1.6556671
21938;ENSMUSG00000028599;-0.62636375
100043034;ENSMUSG00000067919;-0.61265844
230899;ENSMUSG00000041616;-0.66329634
230904;ENSMUSG00000041556;0.9359582
242748;ENSMUSG00000041544;-0.7499174
63954;ENSMUSG00000028996;-1.0401207
85030;ENSMUSG00000024793;-0.74968183
56226;ENSMUSG00000028943;-1.0807611
381580;ENSMUSG00000039492;0.6815005
230979;ENSMUSG00000042333;0.9929613
320587;ENSMUSG00000073680;-1.7109247
330010;ENSMUSG00000029074;-2.1280282
100038882;ENSMUSG00000035692;-0.9250264
18670;ENSMUSG00000042476;-0.60112256
20349;ENSMUSG00000063531;-0.7458081
20348;ENSMUSG00000028780;-0.67673904
19699;ENSMUSG00000042453;1.1414995
269629;ENSMUSG00000058361;-2.0898447
231051;ENSMUSG00000038056;0.7630879
434689;ENSMUSG00000067698;-1.9837317
13483;ENSMUSG00000061576;-0.7821285
22171;ENSMUSG00000025747;0.5932331
83762;ENSMUSG00000062372;-0.99824697
57742;ENSMUSG00000006638;-1.2919431
22784;ENSMUSG00000029151;-0.7510268
71336;ENSMUSG00000029136;0.6177145
269642;ENSMUSG00000048142;-0.77898407
15194;ENSMUSG00000029104;0.6231683
78558;ENSMUSG00000029096;-0.67177534
231148;ENSMUSG00000029095;-0.85791695
76071;ENSMUSG00000063646;0.78194934
16826;ENSMUSG00000039706;-0.94037247
80334;ENSMUSG00000029088;-0.7614447
12425;ENSMUSG00000029193;-0.71955305
21897;ENSMUSG00000044827;-1.2404652
11980;ENSMUSG00000037685;0.9335124
243043;ENSMUSG00000037653;-0.851295
75581;ENSMUSG00000029158;-0.8870435
21682;ENSMUSG00000029217;-0.6033226
72313;ENSMUSG00000070733;0.62770844
74318;ENSMUSG00000059325;-0.9748455
69982;ENSMUSG00000053030;-0.82976407
13839;ENSMUSG00000029245;-0.73794067
57349;ENSMUSG00000029372;-0.7375844
11839;ENSMUSG00000029378;-1.7501066
53886;ENSMUSG00000029403;-0.6826376
140780;ENSMUSG00000034663;0.9595
110075;ENSMUSG00000029335;-1.5642507
231507;ENSMUSG00000029322;0.78248835
75750;ENSMUSG00000029321;-0.97835714
17355;ENSMUSG00000029313;0.7277727
76074;ENSMUSG00000034438;-0.67230064
236573;ENSMUSG00000029298;-1.1105213
17472;ENSMUSG00000079363;-1.1909323
626578;ENSMUSG00000054588;-0.7812168
634650;ENSMUSG00000034438;-0.59449685
634650;ENSMUSG00000054588;-0.59449685
384214;ENSMUSG00000033805;-0.8154721
671564;ENSMUSG00000055385;1.3313825
75560;ENSMUSG00000029505;0.59425
50883;ENSMUSG00000029521;0.6274331
12962;ENSMUSG00000029352;-0.6315135
68666;ENSMUSG00000042078;1.4621284
231655;ENSMUSG00000041827;-2.036988
100502825;ENSMUSG00000072692;-0.81893986
18778;ENSMUSG00000029522;-1.2996345
12704;ENSMUSG00000029516;0.8680817
12123;ENSMUSG00000046607;-0.7588122
23961;ENSMUSG00000029605;-1.0794543
246730;ENSMUSG00000052776;-1.5496655
269700;ENSMUSG00000042744;0.6738564
330189;ENSMUSG00000054434;0.5858246
208151;ENSMUSG00000070498;1.1995146
212996;ENSMUSG00000034040;-0.7651752
57255;ENSMUSG00000008843;1.1120007
12739;ENSMUSG00000070473;-0.8806175
60363;ENSMUSG00000001739;-0.72049713
50765;ENSMUSG00000029716;1.5021744
16369;ENSMUSG00000047182;0.8282808
231801;ENSMUSG00000029722;0.7619416
231805;ENSMUSG00000046245;-0.7249853
170741;ENSMUSG00000066684;-0.89922357
545812;ENSMUSG00000066682;-1.7106388
80290;ENSMUSG00000044197;0.7917789
231830;ENSMUSG00000036718;1.1036215
231832;ENSMUSG00000036687;1.6192725
53324;ENSMUSG00000059991;0.7402261
243339;ENSMUSG00000043388;0.7942189
264064;ENSMUSG00000029635;0.73432225
14255;ENSMUSG00000042817;-0.7805943
71706;ENSMUSG00000029650;0.80574477
11690;ENSMUSG00000060063;-0.7689788
70717;ENSMUSG00000029659;-0.5876279
12190;ENSMUSG00000041147;0.6574917
16591;ENSMUSG00000058488;1.0311025
209086;ENSMUSG00000047735;-1.3796904
12311;ENSMUSG00000023964;-1.021784
27053;ENSMUSG00000029752;0.7164415
330267;ENSMUSG00000032625;-1.0103973
140491;ENSMUSG00000042717;0.5867316
12390;ENSMUSG00000000058;-0.6151183
22413;ENSMUSG00000010797;0.8993454
30785;ENSMUSG00000000416;-0.6070172
16508;ENSMUSG00000060882;-1.5967555
214642;ENSMUSG00000062980;-0.6544126
93735;ENSMUSG00000029671;-0.72896814
214704;ENSMUSG00000046192;-0.9842521
78910;ENSMUSG00000029685;-0.87673724
245884;ENSMUSG00000079652;2.5991104
232670;ENSMUSG00000001763;1.4482666
75647;ENSMUSG00000029784;1.5089397
71791;ENSMUSG00000039070;-2.5185988
619665;ENSMUSG00000073209;-0.80178595
12183;ENSMUSG00000038871;0.6355708
208164;ENSMUSG00000047420;-1.5738516
243764;ENSMUSG00000045613;-0.63101035
15258;ENSMUSG00000061436;0.9982303
194352;ENSMUSG00000036899;-2.346005
23925;ENSMUSG00000029866;0.82688236
109218;ENSMUSG00000071506;-0.9764055
66797;ENSMUSG00000039419;0.82435334
330305;ENSMUSG00000052730;-0.90159017
107526;ENSMUSG00000054435;-1.0589485
231931;ENSMUSG00000047867;-0.6384468
16205;ENSMUSG00000044867;-0.70043916
317757;ENSMUSG00000043505;-0.68390703
77485;ENSMUSG00000023403;-0.90158945
15401;ENSMUSG00000000942;1.6139655
15402;ENSMUSG00000038253;1.7901137
78004;ENSMUSG00000045725;-1.1905075
11517;ENSMUSG00000029778;-0.60134697
243385;ENSMUSG00000045441;-1.196793
20617;ENSMUSG00000025889;0.611791
14804;ENSMUSG00000071424;-0.7683877
414084;ENSMUSG00000044162;-0.69191325
68169;ENSMUSG00000049001;-0.8268873
19895;ENSMUSG00000053604;0.7218485
330355;ENSMUSG00000052861;-1.3885832
74342;ENSMUSG00000060780;-1.7704198
243499;ENSMUSG00000052581;-0.74108523
232156;ENSMUSG00000068323;0.83174485
17768;ENSMUSG00000005667;0.79153156
330369;ENSMUSG00000047013;-0.8214542
93674;ENSMUSG00000051262;-1.6649815
11519;ENSMUSG00000030000;1.2236134
243538;ENSMUSG00000048794;-0.76467407
54563;ENSMUSG00000030091;1.1330277
22044;ENSMUSG00000005892;-0.64873374
14761;ENSMUSG00000072875;-0.6669491
18488;ENSMUSG00000030075;-0.7053382
30937;ENSMUSG00000057604;-0.84781045
171095;ENSMUSG00000030281;-0.6957947
210673;ENSMUSG00000045009;-1.0780206
70979;ENSMUSG00000033963;0.75741386
232333;ENSMUSG00000030310;1.0860672
19016;ENSMUSG00000000440;-0.8384017
213393;ENSMUSG00000048489;-0.61430454
70727;ENSMUSG00000030134;-2.326969
211187;ENSMUSG00000055003;-1.5120609
24110;ENSMUSG00000030107;-1.133051
74269;ENSMUSG00000040657;1.3866603
50530;ENSMUSG00000030116;-0.96021986
269799;ENSMUSG00000049037;-1.7376888
73149;ENSMUSG00000043832;-2.0072033
50909;ENSMUSG00000055172;-0.728843
13807;ENSMUSG00000004267;-0.8512926
381810;ENSMUSG00000067714;-1.4892495
243634;ENSMUSG00000038115;1.3291886
18205;ENSMUSG00000049107;-0.6738365
11287;ENSMUSG00000030359;1.3512528
232400;ENSMUSG00000047228;1.111754
93694;ENSMUSG00000030157;-0.8051281
71183;ENSMUSG00000030158;-1.5543339
243653;ENSMUSG00000033082;-0.95171726
56644;ENSMUSG00000079293;-0.60471714
66813;ENSMUSG00000030200;-1.3507873
15199;ENSMUSG00000042770;0.99964076
74525;ENSMUSG00000030207;0.6895463
14840;ENSMUSG00000030206;0.87624514
13730;ENSMUSG00000030208;-0.6350012
654818;ENSMUSG00000043298;-1.2353758
17313;ENSMUSG00000030218;-0.66883945
69187;ENSMUSG00000030219;-0.62000436
19277;ENSMUSG00000030223;-1.3469677
56615;ENSMUSG00000008540;-0.6129869
12035;ENSMUSG00000030268;0.6555767
320662;ENSMUSG00000043541;-0.621631
19227;ENSMUSG00000048776;-0.6609564
387314;ENSMUSG00000030306;-1.4022176
54378;ENSMUSG00000078815;-0.76798594
52855;ENSMUSG00000055541;-0.97115064
57776;ENSMUSG00000030428;0.8152423
21955;ENSMUSG00000064179;-1.7507293
333182;ENSMUSG00000051811;0.80219966
664968;ENSMUSG00000030431;0.8061776
269855;ENSMUSG00000035279;-0.81884015
12273;ENSMUSG00000049130;-0.96373385
19222;ENSMUSG00000043017;-0.66781604
21946;ENSMUSG00000030413;-0.8702488
381853;ENSMUSG00000030406;-0.8704752
12715;ENSMUSG00000030399;-1.5878749
12051;ENSMUSG00000053175;-0.6034275
16534;ENSMUSG00000054342;1.2694556
68891;ENSMUSG00000052212;1.0438776
26365;ENSMUSG00000074272;-0.7892474
26367;ENSMUSG00000054385;-0.65880394
233016;ENSMUSG00000040466;1.1117331
16855;ENSMUSG00000053964;-0.5925875
243910;ENSMUSG00000036931;-0.72173464
14008;ENSMUSG00000006311;-0.6797676
11944;ENSMUSG00000005553;0.7412
17136;ENSMUSG00000036634;1.518085
56188;ENSMUSG00000036570;-0.8150635
269902;ENSMUSG00000066537;-1.0066534
626834;ENSMUSG00000054046;-0.84957147
20981;ENSMUSG00000030731;-0.8910118
66124;ENSMUSG00000038695;0.66207474
14132;ENSMUSG00000003420;-0.58660567
14256;ENSMUSG00000074129;1.2347322
72961;ENSMUSG00000070570;-0.8238697
74490;ENSMUSG00000042918;-0.5868638
338352;ENSMUSG00000055409;0.9204774
233246;ENSMUSG00000055489;-0.8242076
233280;ENSMUSG00000047037;0.7113329
15204;ENSMUSG00000030451;0.6168337
14407;ENSMUSG00000055026;-0.7961029
14402;ENSMUSG00000033676;-1.7506876
11441;ENSMUSG00000030525;-0.93586254
70638;ENSMUSG00000030518;-1.0671388
18553;ENSMUSG00000030513;-3.1366065
78444;ENSMUSG00000030553;-1.6055571
57444;ENSMUSG00000039236;-0.6360322
11595;ENSMUSG00000030607;-1.3970394
19771;ENSMUSG00000039194;1.3493073
626359;ENSMUSG00000039099;-0.87410784
16790;ENSMUSG00000039062;-0.6055578
434203;ENSMUSG00000025726;0.6042582
72433;ENSMUSG00000030559;-0.5993868
109264;ENSMUSG00000030621;-0.810442
23966;ENSMUSG00000048078;1.3521512
12337;ENSMUSG00000035547;0.7798319
18378;ENSMUSG00000074006;0.92348975
109689;ENSMUSG00000018909;0.7778689
70974;ENSMUSG00000030729;0.6109587
22228;ENSMUSG00000033685;0.6719163
69387;ENSMUSG00000030708;0.9778177
11870;ENSMUSG00000030996;-0.76095647
15129;ENSMUSG00000052305;0.8682353
436003;ENSMUSG00000078621;0.9910193
15132;ENSMUSG00000052217;1.669199
15135;ENSMUSG00000052187;1.0754999
330627;ENSMUSG00000031026;0.7979156
78593;ENSMUSG00000034825;0.9215167
56788;ENSMUSG00000007279;-1.4726582
114332;ENSMUSG00000030787;-0.7468273
233733;ENSMUSG00000038296;-0.928271
110058;ENSMUSG00000058420;0.80117613
74424;ENSMUSG00000030650;1.2271998
12971;ENSMUSG00000030905;0.63301086
233813;ENSMUSG00000030889;0.84823143
195646;ENSMUSG00000046321;1.838666
70261;ENSMUSG00000030865;-1.0210344
233836;ENSMUSG00000030769;1.352829
11833;ENSMUSG00000030762;0.8686081
269994;ENSMUSG00000046182;-1.0508486
20887;ENSMUSG00000030711;-0.8688738
101502;ENSMUSG00000042289;-0.63749474
381924;ENSMUSG00000070369;-0.7122037
12862;ENSMUSG00000030785;-0.651042
246787;ENSMUSG00000030781;1.0541624
330660;ENSMUSG00000040298;1.0937579
22276;ENSMUSG00000030979;0.9130964
627214;ENSMUSG00000073805;0.6362544
19267;ENSMUSG00000041836;-0.71853733
17345;ENSMUSG00000031004;1.1176456
52389;ENSMUSG00000025475;-0.71107227
68566;ENSMUSG00000025468;1.407084
12869;ENSMUSG00000025488;-1.3951801
66141;ENSMUSG00000025492;-0.91167325
56460;ENSMUSG00000054065;1.1120263
54123;ENSMUSG00000025498;-1.1340226
57754;ENSMUSG00000060240;-0.7007675
353328;ENSMUSG00000048191;0.8379672
320802;ENSMUSG00000045777;1.0993581
21953;ENSMUSG00000031097;0.7641722
21957;ENSMUSG00000061723;2.0838964
21823;ENSMUSG00000000214;1.306503
17173;ENSMUSG00000009248;1.4221591
27027;ENSMUSG00000000244;0.62371063
56843;ENSMUSG00000009246;-1.1392606
18400;ENSMUSG00000000154;-0.9503681
75863;ENSMUSG00000074491;-1.3368855
170776;ENSMUSG00000040165;1.032283
100044509;ENSMUSG00000002948;-0.72312725
67260;ENSMUSG00000008206;-0.77859277
270028;ENSMUSG00000079157;0.6540068
11945;ENSMUSG00000031449;1.442662
94109;ENSMUSG00000060924;0.7350917
11601;ENSMUSG00000031465;1.1214439
11733;ENSMUSG00000031543;1.343264
76615;ENSMUSG00000039720;1.4217408
11556;ENSMUSG00000031489;-1.272187
20288;ENSMUSG00000025044;-1.2285852
67620;ENSMUSG00000031637;-0.8408328
23965;ENSMUSG00000031561;0.6470569
234258;ENSMUSG00000039396;0.6524687
20284;ENSMUSG00000031610;-2.3013992
108150;ENSMUSG00000031608;0.59290665
66234;ENSMUSG00000031604;0.593922
18166;ENSMUSG00000036437;-1.0348564
234356;ENSMUSG00000036356;-0.6237259
16956;ENSMUSG00000015568;-0.6979294
110877;ENSMUSG00000036330;-0.6447836
12845;ENSMUSG00000031849;-1.1290377
12931;ENSMUSG00000007888;1.3610157
70807;ENSMUSG00000002910;0.791351
234395;ENSMUSG00000034911;-0.797567
69550;ENSMUSG00000046718;-0.6216434
16453;ENSMUSG00000031805;-0.61610985
72297;ENSMUSG00000031803;-0.7920284
75141;ENSMUSG00000034472;-1.0810287
110784;ENSMUSG00000031618;-0.6985216
14934;ENSMUSG00000051839;1.4685568
16168;ENSMUSG00000031712;-0.72633135
50931;ENSMUSG00000005465;-0.5972994
17095;ENSMUSG00000034041;0.5849781
16596;ENSMUSG00000054191;1.4561602
234542;ENSMUSG00000048617;0.59687936
21672;ENSMUSG00000005161;0.59516495
12404;ENSMUSG00000031654;-2.395832
11513;ENSMUSG00000031659;0.60766155
244579;ENSMUSG00000043668;-0.6987276
16373;ENSMUSG00000031734;-0.80828637
54352;ENSMUSG00000031737;-0.79715824
17750;ENSMUSG00000031762;2.566643
17748;ENSMUSG00000031765;2.2742136
382045;ENSMUSG00000061577;1.5404967
14766;ENSMUSG00000031785;0.7035574
330830;ENSMUSG00000031786;2.4056058
74187;ENSMUSG00000031787;0.68136436
12556;ENSMUSG00000031881;-0.661383
277978;ENSMUSG00000043251;-0.6447811
234684;ENSMUSG00000041679;0.83007133
18104;ENSMUSG00000003849;1.0364208
56523;ENSMUSG00000031727;-0.58564097
74568;ENSMUSG00000012519;-0.59143937
67866;ENSMUSG00000023336;-0.7325713
69047;ENSMUSG00000034112;-0.7712512
234797;ENSMUSG00000031824;-0.747791
15227;ENSMUSG00000042812;-0.6685427
20539;ENSMUSG00000040010;0.7129431
22761;ENSMUSG00000049577;0.60624474
100043225;ENSMUSG00000074046;-0.65080595
102278;ENSMUSG00000034796;-0.8047993
56199;ENSMUSG00000031974;1.0681194
11606;ENSMUSG00000031980;-1.1637753
270109;ENSMUSG00000060212;0.79101515
71946;ENSMUSG00000037419;0.6423483
244723;ENSMUSG00000032172;0.6064642
53867;ENSMUSG00000004098;1.0295068
319278;ENSMUSG00000038884;-1.1398009
78369;ENSMUSG00000001014;1.6120367
15898;ENSMUSG00000032174;1.7388321
16835;ENSMUSG00000032193;0.66357803
67119;ENSMUSG00000006241;-0.61924505
13857;ENSMUSG00000006235;1.5176541
15571;ENSMUSG00000003410;-0.81202495
11433;ENSMUSG00000001348;1.4099518
235180;ENSMUSG00000032118;-0.5966978
57276;ENSMUSG00000001943;-0.829086
54698;ENSMUSG00000032021;-1.7891817
20660;ENSMUSG00000049313;0.6884674
21683;ENSMUSG00000037705;1.0655123
21838;ENSMUSG00000032011;-0.6696372
192663;ENSMUSG00000032131;1.2986158
15288;ENSMUSG00000032126;1.0421598
192653;ENSMUSG00000039438;-0.9473245
214162;ENSMUSG00000002028;0.64533556
14012;ENSMUSG00000032092;-0.7755641
399548;ENSMUSG00000046480;2.0581195
11806;ENSMUSG00000032083;-0.80275637
54725;ENSMUSG00000032076;0.9935827
78252;ENSMUSG00000032028;1.5837193
76509;ENSMUSG00000032068;0.7827816
170752;ENSMUSG00000032066;-0.6739275
244867;ENSMUSG00000053199;-1.0287559
320051;ENSMUSG00000034584;-1.0021855
244885;ENSMUSG00000046460;-0.59423363
56506;ENSMUSG00000037493;-0.5889975
110835;ENSMUSG00000035594;-0.66674143
83961;ENSMUSG00000032311;-1.0706991
20897;ENSMUSG00000032327;1.4923478
320563;ENSMUSG00000051243;1.5975037
330953;ENSMUSG00000032338;1.2713121
382083;ENSMUSG00000039452;0.6548907
13143;ENSMUSG00000032380;0.6759799
235439;ENSMUSG00000038664;0.7853734
15450;ENSMUSG00000032207;-0.75501084
208943;ENSMUSG00000033590;-0.7836417
20255;ENSMUSG00000032181;1.3769361
208982;ENSMUSG00000007908;0.7750057
387285;ENSMUSG00000032360;-1.7002373
14629;ENSMUSG00000032350;0.5940301
100048658;ENSMUSG00000070291;-0.9351721
209743;ENSMUSG00000039313;0.66275585
331004;ENSMUSG00000031129;-0.6502349
74080;ENSMUSG00000032456;0.72076607
19660;ENSMUSG00000032454;-0.6913438
16716;ENSMUSG00000035606;-1.1980224
24059;ENSMUSG00000032548;-0.81948155
71775;ENSMUSG00000033688;1.0707924
252837;ENSMUSG00000079355;-1.2952952
245026;ENSMUSG00000043719;0.81996477
208869;ENSMUSG00000039716;0.77504027
56808;ENSMUSG00000010066;0.60975903
109685;ENSMUSG00000036091;0.76031333
15983;ENSMUSG00000010048;0.6456159
434436;ENSMUSG00000070285;-0.7042471
20347;ENSMUSG00000057969;-1.0004833
76257;ENSMUSG00000010064;-0.61083144
74153;ENSMUSG00000032596;0.68835735
320169;ENSMUSG00000079323;-0.82262963
69398;ENSMUSG00000032595;-0.7936567
84585;ENSMUSG00000041528;0.6365372
15235;ENSMUSG00000032591;1.049797
14775;ENSMUSG00000063856;0.8179531
112418;ENSMUSG00000032611;0.9335222
270198;ENSMUSG00000025648;0.60967064
29873;ENSMUSG00000032482;-1.3372542
21667;ENSMUSG00000032494;2.3144393
235636;ENSMUSG00000066319;-0.7836484
17002;ENSMUSG00000032496;-1.4968203
54199;ENSMUSG00000043953;0.85063237
320429;ENSMUSG00000062296;-1.001581
74100;ENSMUSG00000032503;-1.1467044
636931;ENSMUSG00000079259;0.924503
13813;ENSMUSG00000032446;-0.7070037
208638;ENSMUSG00000032519;0.79168004
245049;ENSMUSG00000041794;-0.84246397
215446;ENSMUSG00000041608;0.7564662
12424;ENSMUSG00000032532;3.0845642
72330;ENSMUSG00000074001;-0.8774046
74770;ENSMUSG00000032523;-1.2077738
102436;ENSMUSG00000035202;0.7510748
12768;ENSMUSG00000025804;-0.65914536
12774;ENSMUSG00000079227;-0.6456917
320495;ENSMUSG00000064065;-0.62032247
13982;ENSMUSG00000019768;0.9366045
237256;ENSMUSG00000039981;0.66740113
76157;ENSMUSG00000050473;0.591194
29863;ENSMUSG00000019990;-0.6456919
22361;ENSMUSG00000037440;1.0324042
77220;ENSMUSG00000049420;-0.7414261
212448;ENSMUSG00000004360;0.6013549
432450;ENSMUSG00000069670;-1.4438472
72480;ENSMUSG00000039485;-0.6022437
72472;ENSMUSG00000019838;0.68132275
70503;ENSMUSG00000063428;-0.96872455
268297;ENSMUSG00000044770;-0.79379225
109205;ENSMUSG00000038248;-0.5963786
74530;ENSMUSG00000045008;-1.2113104
18821;ENSMUSG00000038583;-0.8966262
18768;ENSMUSG00000019876;-1.1227765
13608;ENSMUSG00000003227;-0.65473926
69836;ENSMUSG00000009646;0.745008
94214;ENSMUSG00000058297;-1.3502338
74048;ENSMUSG00000020101;-0.6502053
216019;ENSMUSG00000020080;-1.0119098
13654;ENSMUSG00000037868;-1.0290099
73287;ENSMUSG00000019945;-0.61054707
71721;ENSMUSG00000043259;-0.5998971
103149;ENSMUSG00000033427;-1.1847107
14598;ENSMUSG00000006345;0.69965875
23887;ENSMUSG00000006344;-1.195706
71733;ENSMUSG00000006342;-0.68678427
13496;ENSMUSG00000019564;0.6610613
70335;ENSMUSG00000035504;1.3596497
237403;ENSMUSG00000051067;-1.5911514
72273;ENSMUSG00000078439;-0.758512
13611;ENSMUSG00000044199;-0.6366228
216198;ENSMUSG00000020034;-0.65252334
192188;ENSMUSG00000035459;-0.8967136
327799;ENSMUSG00000020020;1.325037
71207;ENSMUSG00000020029;0.7514871
17022;ENSMUSG00000036446;-1.0473824
13516;ENSMUSG00000019936;-0.61364985
108030;ENSMUSG00000019906;-1.2080641
237523;ENSMUSG00000035916;-1.3355892
58802;ENSMUSG00000054934;-0.6373393
237560;ENSMUSG00000060187;-0.92209435
17105;ENSMUSG00000069516;-2.964043
17110;ENSMUSG00000069515;-3.5878906
24117;ENSMUSG00000020218;-1.8654222
14421;ENSMUSG00000006731;-0.7282785
216441;ENSMUSG00000040441;-1.4439118
407790;ENSMUSG00000040280;-0.9439815
11536;ENSMUSG00000058396;-0.63807833
18413;ENSMUSG00000058755;1.2774906
140703;ENSMUSG00000034164;-0.96816015
17898;ENSMUSG00000020469;0.6308924
12323;ENSMUSG00000057897;-0.6681588
56089;ENSMUSG00000041046;-0.9439254
432530;ENSMUSG00000020431;0.6447713
194974;ENSMUSG00000040985;-2.3357084
626870;ENSMUSG00000040978;-0.63923055
22271;ENSMUSG00000020407;-1.0397173
319922;ENSMUSG00000050830;-0.6430287
22778;ENSMUSG00000018654;1.3465614
216549;ENSMUSG00000049659;0.8534352
18423;ENSMUSG00000005917;-2.3267143
216613;ENSMUSG00000032878;-1.1470703
67579;ENSMUSG00000020300;0.6223958
18197;ENSMUSG00000020297;-0.81340474
78372;ENSMUSG00000040767;0.7002392
15126;ENSMUSG00000055609;1.4053745
15122;ENSMUSG00000069919;1.0587076
110257;ENSMUSG00000069917;1.0469196
70357;ENSMUSG00000053519;0.8999691
574403;ENSMUSG00000069911;1.1157815
214112;ENSMUSG00000020411;-0.8875061
407814;ENSMUSG00000046974;-1.1735517
276891;ENSMUSG00000055546;-1.3274593
15944;ENSMUSG00000046879;-1.1292412
432555;ENSMUSG00000058163;-1.5502512
237754;ENSMUSG00000040283;-0.7160145
237759;ENSMUSG00000063564;-0.6001908
30805;ENSMUSG00000020334;1.0936731
216739;ENSMUSG00000020333;-0.70277834
14799;ENSMUSG00000020524;-0.66767424
54396;ENSMUSG00000069874;-0.7282049
216781;ENSMUSG00000037124;0.7242036
17910;ENSMUSG00000042678;1.3782632
16515;ENSMUSG00000042529;-0.69692516
11541;ENSMUSG00000018500;-0.6736868
380702;ENSMUSG00000053930;0.82644045
193003;ENSMUSG00000048070;-0.99008405
544791;ENSMUSG00000060180;-0.6002491
18208;ENSMUSG00000020902;-0.75972617
104709;ENSMUSG00000046207;-0.64207584
23801;ENSMUSG00000020892;-0.92083716
11688;ENSMUSG00000020891;0.845714
14919;ENSMUSG00000020890;0.89368975
14166;ENSMUSG00000042826;-0.68589276
83813;ENSMUSG00000001583;0.7119975
216859;ENSMUSG00000001588;-0.85249645
11684;ENSMUSG00000000320;-0.63806564
11687;ENSMUSG00000018924;1.4424651
216881;ENSMUSG00000020811;-0.6313155
216892;ENSMUSG00000040447;1.1435835
16407;ENSMUSG00000005947;0.7053442
94045;ENSMUSG00000005950;-0.6460657
432582;ENSMUSG00000069814;0.9099299
237847;ENSMUSG00000045287;-0.7643894
13168;ENSMUSG00000038057;-0.5952646
15567;ENSMUSG00000020838;-0.82665575
216974;ENSMUSG00000044122;-0.7640465
16859;ENSMUSG00000001123;-1.1944816
14017;ENSMUSG00000078771;-0.9088973
216991;ENSMUSG00000020709;-0.64407843
246104;ENSMUSG00000017692;0.6807233
67338;ENSMUSG00000020696;0.6565955
327978;ENSMUSG00000054404;-0.5850891
20305;ENSMUSG00000018927;-1.0849323
20302;ENSMUSG00000000982;1.1146097
192970;ENSMUSG00000034449;0.8729086
83560;ENSMUSG00000010342;0.72254306
207777;ENSMUSG00000034156;0.7964886
67888;ENSMUSG00000069763;-0.7522377
217082;ENSMUSG00000003949;-0.66566753
20391;ENSMUSG00000001508;-0.77373314
54388;ENSMUSG00000038994;-0.90760064
217125;ENSMUSG00000047181;0.70543003
13393;ENSMUSG00000001510;-2.0267653
215512;ENSMUSG00000038893;0.7395827
103711;ENSMUSG00000018659;1.1693186
58996;ENSMUSG00000049807;0.661143
19049;ENSMUSG00000061718;-1.4987497
21393;ENSMUSG00000007877;-0.6368195
69376;ENSMUSG00000017195;0.6968069
353155;ENSMUSG00000047197;-0.63348866
94179;ENSMUSG00000006777;-0.6127665
16664;ENSMUSG00000045545;-0.94862765
16667;ENSMUSG00000035557;-1.7032282
15114;ENSMUSG00000006930;-0.96484506
12799;ENSMUSG00000006782;-0.6790409
69847;ENSMUSG00000035112;0.7812195
68107;ENSMUSG00000078653;0.66026163
11754;ENSMUSG00000019326;0.7207389
12189;ENSMUSG00000017146;0.6334597
74499;ENSMUSG00000001494;0.61283046
52685;ENSMUSG00000017309;-1.4748185
20533;ENSMUSG00000006574;1.2970009
268491;ENSMUSG00000051455;-0.80358636
14580;ENSMUSG00000020932;1.359999
17762;ENSMUSG00000018411;0.6098709
69066;ENSMUSG00000078607;-0.6098709
208659;ENSMUSG00000020614;-0.6092785
237979;ENSMUSG00000041592;0.8551283
68528;ENSMUSG00000075420;0.75575703
70450;ENSMUSG00000057948;1.1074746
100038570;ENSMUSG00000075410;-1.0338047
217356;ENSMUSG00000050106;0.8111539
77727;ENSMUSG00000025573;1.7909534
19039;ENSMUSG00000033880;-0.6171366
170720;ENSMUSG00000013483;-0.5871624
208990;ENSMUSG00000044034;-0.7256484
217371;ENSMUSG00000025170;-0.7466987
63828;ENSMUSG00000025175;-0.867009
432628;ENSMUSG00000037336;1.0320622
238055;ENSMUSG00000020609;-2.1053567
209334;ENSMUSG00000051235;0.60144675
26950;ENSMUSG00000054459;1.3256973
105005;ENSMUSG00000020607;-0.82453024
195733;ENSMUSG00000020656;-0.6595869
58185;ENSMUSG00000020641;-0.95224905
22169;ENSMUSG00000020638;1.0353407
24057;ENSMUSG00000020669;0.8613243
104943;ENSMUSG00000036136;0.9731429
23985;ENSMUSG00000020651;-1.8495929
17286;ENSMUSG00000036144;-1.1160492
319660;ENSMUSG00000050103;-1.7779801
20259;ENSMUSG00000002565;-0.7376952
380755;ENSMUSG00000071342;-0.61177063
15228;ENSMUSG00000020950;1.6901395
217593;ENSMUSG00000035472;1.631836
66864;ENSMUSG00000045930;-0.86200523
238266;ENSMUSG00000044912;0.6544895
20741;ENSMUSG00000021061;1.4823033
27260;ENSMUSG00000021118;1.1472318
217682;ENSMUSG00000066438;0.8459717
20493;ENSMUSG00000021135;0.7859999
64075;ENSMUSG00000021136;-0.76386386
56622;ENSMUSG00000008438;-1.179098
217698;ENSMUSG00000042540;-0.87917733
26380;ENSMUSG00000021255;-1.0066302
18191;ENSMUSG00000066392;-0.6086699
13371;ENSMUSG00000007682;-1.8801296
108800;ENSMUSG00000020961;0.8458847
68339;ENSMUSG00000021182;0.954354
23876;ENSMUSG00000021186;-0.94672334
217843;ENSMUSG00000021198;0.7231293
170952;ENSMUSG00000041669;-1.9224619
52668;ENSMUSG00000064215;-1.2213194
76933;ENSMUSG00000079017;-1.8840303
212073;ENSMUSG00000054150;1.0785898
73046;ENSMUSG00000021102;0.7004668
78801;ENSMUSG00000041323;-0.78603506
66323;ENSMUSG00000056508;0.72739035
74251;ENSMUSG00000037904;0.76031363
76044;ENSMUSG00000042029;0.61315566
19276;ENSMUSG00000056553;-0.59303397
27384;ENSMUSG00000021213;-0.91941917
622402;ENSMUSG00000021211;-1.225384
27052;ENSMUSG00000021322;-0.9497368
319152;ENSMUSG00000069312;0.9004253
319159;ENSMUSG00000067455;0.73573387
319169;ENSMUSG00000063021;1.3699136
319153;ENSMUSG00000069310;0.8479683
54373;ENSMUSG00000006179;-1.6943343
319158;ENSMUSG00000060639;0.88104534
319167;ENSMUSG00000069301;0.602438
319183;ENSMUSG00000069300;0.7974284
12231;ENSMUSG00000000706;-0.609993
97908;ENSMUSG00000062417;1.1846223
260423;ENSMUSG00000059309;0.6390263
319157;ENSMUSG00000069274;1.200083
319151;ENSMUSG00000069273;0.75608563
319166;ENSMUSG00000069272;0.6426487
319149;ENSMUSG00000062808;0.60757095
319156;ENSMUSG00000061482;0.9584047
50709;ENSMUSG00000051627;0.84197587
319155;ENSMUSG00000060678;0.84104216
319148;ENSMUSG00000069310;0.98775613
319150;ENSMUSG00000069267;1.2191911
326619;ENSMUSG00000060093;0.8305067
360198;ENSMUSG00000069265;1.1503606
14238;ENSMUSG00000038402;1.2963848
71864;ENSMUSG00000021414;-0.7892941
68404;ENSMUSG00000039114;-1.3819171
74145;ENSMUSG00000039109;-0.7393656
21418;ENSMUSG00000021359;0.7099293
66154;ENSMUSG00000021361;0.72293854
17152;ENSMUSG00000021363;1.4546204
328231;ENSMUSG00000054258;0.6759227
407800;ENSMUSG00000043631;-0.7500275
66695;ENSMUSG00000021388;-1.5798688
27047;ENSMUSG00000048368;0.6601176
18295;ENSMUSG00000021390;-0.8337617
104069;ENSMUSG00000034891;-1.1144888
212032;ENSMUSG00000025877;-0.8167245
51791;ENSMUSG00000052087;-0.8216387
18740;ENSMUSG00000021506;1.820157
57266;ENSMUSG00000021508;-0.6378846
70900;ENSMUSG00000049902;1.0185304
214639;ENSMUSG00000050345;-0.6271881
13025;ENSMUSG00000074874;-0.8331655
13024;ENSMUSG00000044258;-0.6044877
26898;ENSMUSG00000055298;-3.82938
69315;ENSMUSG00000021534;1.3461744
76980;ENSMUSG00000052981;0.8633932
16372;ENSMUSG00000001504;-0.67129266
210992;ENSMUSG00000021608;0.69419765
72293;ENSMUSG00000021567;-0.6274128
192657;ENSMUSG00000001542;1.0929476
218341;ENSMUSG00000043190;0.6965593
238725;ENSMUSG00000045509;2.058178
435376;ENSMUSG00000078958;-0.8820187
76722;ENSMUSG00000021622;-0.6901642
380863;ENSMUSG00000052485;-1.3055648
218518;ENSMUSG00000021636;-0.8478507
218581;ENSMUSG00000021697;0.95784724
238871;ENSMUSG00000021699;-0.62467515
20620;ENSMUSG00000021701;-0.6603441
218624;ENSMUSG00000050377;0.7723551
13206;ENSMUSG00000021758;-0.61221313
16392;ENSMUSG00000042258;1.1377727
15165;ENSMUSG00000021730;0.684348
14165;ENSMUSG00000021732;1.2626235
72003;ENSMUSG00000056296;-1.0861986
76633;ENSMUSG00000063458;-0.8517234
15209;ENSMUSG00000040726;1.2896059
12294;ENSMUSG00000021991;1.1962653
319476;ENSMUSG00000045776;-2.5553606
218865;ENSMUSG00000015970;0.96652436
16426;ENSMUSG00000006522;-0.9693928
78754;ENSMUSG00000021903;0.9500478
320736;ENSMUSG00000050666;-0.5913102
14560;ENSMUSG00000021943;0.5859237
19065;ENSMUSG00000048337;1.2441676
105450;ENSMUSG00000041445;-0.74719965
30044;ENSMUSG00000021799;1.1454597
11720;ENSMUSG00000037798;-2.206269
20387;ENSMUSG00000021789;-4.0368843
18424;ENSMUSG00000021848;1.3519464
258233;ENSMUSG00000060108;0.8945055
56739;ENSMUSG00000002324;-0.74279654
13035;ENSMUSG00000040314;-2.4734101
14611;ENSMUSG00000048582;-0.8335255
14180;ENSMUSG00000021974;-1.2412483
219132;ENSMUSG00000068245;-1.3198712
72125;ENSMUSG00000021986;0.6465489
24053;ENSMUSG00000035296;-3.2570815
219144;ENSMUSG00000043157;-0.80460036
12143;ENSMUSG00000014453;0.99786013
268756;ENSMUSG00000034450;-0.617099
56471;ENSMUSG00000022044;-0.8928229
58860;ENSMUSG00000022057;-0.97155505
20855;ENSMUSG00000014813;-0.7145275
67712;ENSMUSG00000034248;1.0920767
239167;ENSMUSG00000047977;1.3768854
13655;ENSMUSG00000033730;-0.724854
213469;ENSMUSG00000033595;-0.80442077
13829;ENSMUSG00000022099;1.223864
14586;ENSMUSG00000022103;0.70920384
108670;ENSMUSG00000022014;-1.2991884
66214;ENSMUSG00000022018;0.7346109
105439;ENSMUSG00000055717;0.7344923
13618;ENSMUSG00000022122;-1.0027151
18996;ENSMUSG00000048349;1.3586148
76965;ENSMUSG00000075478;-1.1932101
75409;ENSMUSG00000033214;-1.8743048
103978;ENSMUSG00000022112;-1.9428403
321019;ENSMUSG00000051212;-0.7839263
223272;ENSMUSG00000032925;-0.7825801
14169;ENSMUSG00000025551;-0.9437723
20363;ENSMUSG00000064373;-0.7034731
19219;ENSMUSG00000039942;-0.6219471
18414;ENSMUSG00000022146;-0.8119869
14573;ENSMUSG00000022144;-1.4277778
320277;ENSMUSG00000072663;-0.66496927
19116;ENSMUSG00000005268;-0.81777775
239336;ENSMUSG00000060735;1.7144066
110082;ENSMUSG00000022262;1.4973685
54381;ENSMUSG00000039007;-0.6845745
223473;ENSMUSG00000038879;-0.9604354
666173;ENSMUSG00000037646;0.64234227
252973;ENSMUSG00000022286;-0.8614483
11600;ENSMUSG00000022309;-1.0557067
239405;ENSMUSG00000051920;0.76659995
192190;ENSMUSG00000038725;0.67714655
320679;ENSMUSG00000058656;-0.77221406
18383;ENSMUSG00000063727;-1.7165074
18133;ENSMUSG00000037362;-0.80391455
69787;ENSMUSG00000055114;1.1094809
11514;ENSMUSG00000022376;1.2391088
110862;ENSMUSG00000056258;0.6407844
22402;ENSMUSG00000005124;-0.7085574
19245;ENSMUSG00000059895;0.61639595
68453;ENSMUSG00000022579;-0.75956094
69146;ENSMUSG00000022575;-0.64089173
223646;ENSMUSG00000022574;0.691107
671535;ENSMUSG00000063268;-0.6820609
14106;ENSMUSG00000033837;2.161306
17189;ENSMUSG00000018893;-1.9474261
71898;ENSMUSG00000068246;-0.8488506
239552;ENSMUSG00000056656;1.3454286
19293;ENSMUSG00000005716;-1.0548066
17972;ENSMUSG00000071715;0.7798001
12984;ENSMUSG00000071714;1.0679859
12983;ENSMUSG00000071713;1.2473072
246221;ENSMUSG00000071711;0.67422926
105844;ENSMUSG00000033170;-0.5852909
107753;ENSMUSG00000043501;-0.6685963
20665;ENSMUSG00000033006;0.61515284
207495;ENSMUSG00000018126;0.7911304
16520;ENSMUSG00000044216;-0.9332816
52609;ENSMUSG00000053411;0.6129958
17444;ENSMUSG00000042351;0.6648753
213988;ENSMUSG00000047888;0.5983766
72049;ENSMUSG00000068105;1.209785
74716;ENSMUSG00000022455;1.420448
338368;ENSMUSG00000049687;0.69494915
74039;ENSMUSG00000058099;-0.8077526
64706;ENSMUSG00000016763;-0.58857155
223726;ENSMUSG00000041708;0.95518804
116939;ENSMUSG00000041653;-0.8580203
73167;ENSMUSG00000078954;-0.9505429
83456;ENSMUSG00000015365;-0.7156108
60597;ENSMUSG00000022619;1.0789335
11434;ENSMUSG00000022622;-0.890862
19011;ENSMUSG00000022468;-0.6952094
12824;ENSMUSG00000022483;-1.1106466
19132;ENSMUSG00000023484;1.0491525
239659;ENSMUSG00000001076;-1.8045664
16512;ENSMUSG00000037579;1.0420123
72393;ENSMUSG00000023011;1.3049325
11830;ENSMUSG00000044217;0.8889836
19009;ENSMUSG00000009739;-0.6804892
207839;ENSMUSG00000037280;0.7626189
11482;ENSMUSG00000000530;-0.60532415
239673;ENSMUSG00000048699;-0.8407399
15423;ENSMUSG00000075394;1.7918172
18022;ENSMUSG00000058794;0.9168453
80910;ENSMUSG00000063234;-1.084606
74174;ENSMUSG00000022487;-1.2309116
19041;ENSMUSG00000039457;-0.66443384
239691;ENSMUSG00000051669;-1.2611923
268859;ENSMUSG00000008658;0.79244137
68172;ENSMUSG00000039209;-0.9141425
12265;ENSMUSG00000022504;-0.6969476
106205;ENSMUSG00000037965;0.7118505
17880;ENSMUSG00000018830;1.7839637
239731;ENSMUSG00000071636;0.6059624
224019;ENSMUSG00000055692;-0.6383659
15160;ENSMUSG00000022766;-1.5158148
74685;ENSMUSG00000022759;-0.697882
18440;ENSMUSG00000022758;-0.64857453
224022;ENSMUSG00000022756;-0.7344839
22114;ENSMUSG00000041566;-0.8183837
21380;ENSMUSG00000009097;1.1257519
208158;ENSMUSG00000041205;-0.90435964
239759;ENSMUSG00000044626;1.2465463
11625;ENSMUSG00000022868;-1.4169868
17174;ENSMUSG00000022887;-0.7434155
67775;ENSMUSG00000033355;-2.0845695
20604;ENSMUSG00000004366;4.231867
22061;ENSMUSG00000022510;1.0118346
12737;ENSMUSG00000022512;-0.5859019
16180;ENSMUSG00000022514;-0.62430286
224065;ENSMUSG00000056423;1.8428838
22042;ENSMUSG00000022797;0.6155078
76378;ENSMUSG00000022832;-1.0789852
547253;ENSMUSG00000034422;-0.72145814
209200;ENSMUSG00000049502;-0.7252328
80285;ENSMUSG00000022906;-0.79651964
12374;ENSMUSG00000051980;1.5074699
77782;ENSMUSG00000034206;0.77650833
15233;ENSMUSG00000022821;-0.7855175
12519;ENSMUSG00000075122;-0.70239925
268890;ENSMUSG00000061080;-0.9590813
56490;ENSMUSG00000022708;0.8092343
207806;ENSMUSG00000068284;0.6806387
14525;ENSMUSG00000022659;-0.85100853
56370;ENSMUSG00000022658;-1.5398539
320712;ENSMUSG00000035258;-0.87179977
54613;ENSMUSG00000022747;0.65137833
12892;ENSMUSG00000022742;1.2703406
320355;ENSMUSG00000032948;-0.7466512
100039316;ENSMUSG00000050299;-0.9023732
224405;ENSMUSG00000041134;-0.657601
14805;ENSMUSG00000022935;0.5997985
70967;ENSMUSG00000039903;-1.5186622
74387;ENSMUSG00000039851;-0.8223459
56175;ENSMUSG00000040605;-0.61465263
17858;ENSMUSG00000023341;-1.7338152
72388;ENSMUSG00000005251;-1.3015041
224454;ENSMUSG00000034265;0.76264983
23984;ENSMUSG00000023868;1.2255964
66931;ENSMUSG00000023873;-0.5916993
69310;ENSMUSG00000037196;-0.6463851
17356;ENSMUSG00000068036;0.5997759
240025;ENSMUSG00000048826;-0.87337434
21826;ENSMUSG00000023885;-0.60136414
100041586;ENSMUSG00000079710;0.9983963
100041574;ENSMUSG00000079709;0.658418
100041621;ENSMUSG00000073455;0.6399711
21647;ENSMUSG00000079707;1.2694528
13388;ENSMUSG00000014773;-1.0862347
22700;ENSMUSG00000002617;-0.7241723
240047;ENSMUSG00000023903;-0.69833785
72016;ENSMUSG00000024118;0.7505541
381072;ENSMUSG00000035435;0.8580953
328778;ENSMUSG00000079657;-1.1734028
381073;ENSMUSG00000071230;3.090198
106633;ENSMUSG00000024169;-0.6712453
71840;ENSMUSG00000024175;-0.7078763
20609;ENSMUSG00000050824;1.0061657
64337;ENSMUSG00000025739;-0.8721936
56047;ENSMUSG00000063011;-1.866138
215001;ENSMUSG00000071192;0.5887362
621239;ENSMUSG00000025727;0.63550425
26378;ENSMUSG00000036775;-0.8310264
60455;ENSMUSG00000024180;0.5920768
69191;ENSMUSG00000024184;2.8246157
14570;ENSMUSG00000073433;0.6549926
50782;ENSMUSG00000024186;-0.6183659
271424;ENSMUSG00000024210;-0.7729925
26415;ENSMUSG00000004864;-0.93287057
268936;ENSMUSG00000063952;0.7743724
69307;ENSMUSG00000045378;0.8273393
442827;ENSMUSG00000064147;-0.70391566
18712;ENSMUSG00000024014;0.7852917
74762;ENSMUSG00000043557;0.7955967
109801;ENSMUSG00000024026;1.1290874
13417;ENSMUSG00000033826;1.7256615
14652;ENSMUSG00000024027;7.9263735
328795;ENSMUSG00000042345;3.8901317
12411;ENSMUSG00000024039;0.827225
14972;ENSMUSG00000061232;-0.81703854
14961;ENSMUSG00000073421;-1.0009682
11596;ENSMUSG00000015452;-0.6243455
81877;ENSMUSG00000033327;-0.59068966
12263;ENSMUSG00000024371;-1.2280902
27762;ENSMUSG00000007030;-0.6225419
106722;ENSMUSG00000073414;-0.7340684
68468;ENSMUSG00000007044;-1.4025165
114654;ENSMUSG00000073413;-1.2465494
70274;ENSMUSG00000013766;-0.6935489
11629;ENSMUSG00000024397;-0.89063686
16988;ENSMUSG00000073412;-0.7867683
15007;ENSMUSG00000067235;-1.924284
19824;ENSMUSG00000073400;0.92551386
14991;ENSMUSG00000016206;-1.068185
19743;ENSMUSG00000023926;1.2879177
94185;ENSMUSG00000023915;0.86704415
27226;ENSMUSG00000023913;-0.718964
224813;ENSMUSG00000071073;-1.1505916
114570;ENSMUSG00000023968;0.73368335
14711;ENSMUSG00000002769;-1.2904952
75462;ENSMUSG00000047150;-0.81929
328833;ENSMUSG00000071068;0.749176
71326;ENSMUSG00000023993;-0.7224754
70026;ENSMUSG00000023995;-1.5777895
50498;ENSMUSG00000003206;-0.93968934
106766;ENSMUSG00000038781;-0.6262665
18188;ENSMUSG00000039481;0.7981659
19725;ENSMUSG00000024206;0.71648186
78625;ENSMUSG00000024209;-0.8458996
70785;ENSMUSG00000002668;-0.6260338
50930;ENSMUSG00000005824;-0.661763
13733;ENSMUSG00000004730;-0.62087995
16772;ENSMUSG00000032796;0.61551034
224997;ENSMUSG00000003279;0.74124527
320159;ENSMUSG00000045761;-0.98781836
11682;ENSMUSG00000055471;-1.2660136
13078;ENSMUSG00000024087;0.63170385
20472;ENSMUSG00000024134;0.6003111
225049;ENSMUSG00000036918;0.8260043
67664;ENSMUSG00000033107;-0.94737864
100042150;ENSMUSG00000060275;-0.67652035
353237;ENSMUSG00000007440;-0.826835
225392;ENSMUSG00000044024;-2.201852
14164;ENSMUSG00000036585;-0.9618381
383348;ENSMUSG00000051401;-2.7953384
269016;ENSMUSG00000057719;-1.0763332
72930;ENSMUSG00000024500;0.83315545
74574;ENSMUSG00000024481;-0.66181153
71373;ENSMUSG00000073565;-0.7979655
225518;ENSMUSG00000069378;0.63914615
240327;ENSMUSG00000073555;-0.9625672
225594;ENSMUSG00000068606;-0.6660163
16149;ENSMUSG00000024610;-0.899709
545260;ENSMUSG00000036412;-0.955089
56069;ENSMUSG00000024578;0.736842
11555;ENSMUSG00000045730;0.65391284
14151;ENSMUSG00000024588;0.9651744
225638;ENSMUSG00000032845;-0.64358014
68166;ENSMUSG00000024533;0.6409044
225659;ENSMUSG00000073542;0.747605
13176;ENSMUSG00000060534;-1.2486911
225724;ENSMUSG00000024558;-0.6022086
100502841;ENSMUSG00000039840;0.6198918
108052;ENSMUSG00000059336;1.3673617
27411;ENSMUSG00000024552;-1.4580432
54445;ENSMUSG00000036908;-0.6397311
60425;ENSMUSG00000024871;-0.8231163
19265;ENSMUSG00000045826;0.8376523
245857;ENSMUSG00000034616;-0.67021036
240518;ENSMUSG00000024901;0.703498
13041;ENSMUSG00000024910;0.6858072
18426;ENSMUSG00000024922;-0.96584046
107375;ENSMUSG00000024818;-0.64417744
107227;ENSMUSG00000036278;-1.1046864
56072;ENSMUSG00000024972;-1.4375842
14319;ENSMUSG00000024661;0.7206739
74760;ENSMUSG00000024663;0.7696543
14156;ENSMUSG00000024742;0.7078066
54525;ENSMUSG00000024743;-0.7186079
67752;ENSMUSG00000035179;-1.268981
71768;ENSMUSG00000043789;0.97722626
12507;ENSMUSG00000024669;-0.9137099
12803;ENSMUSG00000079415;0.7471736
11668;ENSMUSG00000053279;0.859149
381217;ENSMUSG00000071604;-1.1014888
226049;ENSMUSG00000048138;0.8514837
22359;ENSMUSG00000024924;-1.1072515
240595;ENSMUSG00000047298;-1.9159418
20510;ENSMUSG00000024935;-2.2798944
74411;ENSMUSG00000040105;-0.6256813
672214;ENSMUSG00000063754;-0.689445
226090;ENSMUSG00000046324;0.61325014
67717;ENSMUSG00000024768;-0.87365437
14102;ENSMUSG00000024778;-0.6649281
12642;ENSMUSG00000050370;0.6167408
15959;ENSMUSG00000074896;-1.1610997
667370;ENSMUSG00000062488;-1.8034346
15957;ENSMUSG00000034459;-1.3400754
13082;ENSMUSG00000024987;-1.0081834
54612;ENSMUSG00000018822;0.72577727
72832;ENSMUSG00000042401;-1.3337746
20249;ENSMUSG00000037071;0.6257194
14179;ENSMUSG00000025219;3.2284079
18742;ENSMUSG00000025229;-1.2146453
73728;ENSMUSG00000037126;-0.61433566
13074;ENSMUSG00000003555;-1.6828344
12821;ENSMUSG00000025064;-0.6627633
70806;ENSMUSG00000044948;-0.6218163
18175;ENSMUSG00000049134;-0.5916484
240675;ENSMUSG00000025082;-1.3653939
12155;ENSMUSG00000023279;-0.6640231
331374;ENSMUSG00000062393;-0.96614397
209091;ENSMUSG00000051592;-0.99494123
14460;ENSMUSG00000031162;1.5775025
209837;ENSMUSG00000031170;1.3266653
22439;ENSMUSG00000015342;0.9928201
76383;ENSMUSG00000078347;0.9635643
236690;ENSMUSG00000051228;-0.60778487
22289;ENSMUSG00000037369;0.5946636
16164;ENSMUSG00000017057;-0.7869094
74365;ENSMUSG00000016239;-0.69287825
77883;ENSMUSG00000051361;-1.1646364
30878;ENSMUSG00000037010;-0.7973463
75404;ENSMUSG00000036198;1.3161428
83563;ENSMUSG00000055780;1.8021011
75013;ENSMUSG00000055555;-0.6903338
20675;ENSMUSG00000045179;-2.788076
14765;ENSMUSG00000056380;-0.76717216
320707;ENSMUSG00000031376;-0.88346463
16728;ENSMUSG00000031391;0.9016717
15161;ENSMUSG00000031386;0.59153366
331461;ENSMUSG00000052372;1.4008319
236899;ENSMUSG00000035246;0.6650419
236900;ENSMUSG00000035232;-0.6320772
170735;ENSMUSG00000060890;-0.9613619
83558;ENSMUSG00000009670;-0.9368515
11989;ENSMUSG00000031297;1.4653844
16186;ENSMUSG00000031304;-0.8360933
80903;ENSMUSG00000031230;2.1389387
213438;ENSMUSG00000054293;-0.8540554
69693;ENSMUSG00000034607;-0.7695152
100040972;ENSMUSG00000079428;-0.6257191
14605;ENSMUSG00000031431;-0.7259013
13193;ENSMUSG00000031285;0.85958946
619287;ENSMUSG00000071679;-0.8259323
11656;ENSMUSG00000025270;1.0458689
18639;ENSMUSG00000025271;0.8979126
66106;ENSMUSG00000041476;-0.81212234
78283;ENSMUSG00000041020;-0.68763554
194590;ENSMUSG00000040855;0.66105795
12169;ENSMUSG00000031377;-0.67828274
68854;ENSMUSG00000031382;-1.9409207
