chr_n;pos_ini;pos_end;n_genes;n_su;n_su_lista;n_su_pssm
chr1;34078163;34078783;21;3;2;1
chr1;73006573;73007244;13;1;1;0
chr1;6277185;6277752;7;1;1;0
chr1;12613150;12613647;6;3;3;0
chr1;12682344;12683092;8;0;0;0
chr1;12937069;12938092;8;1;1;0
chr1;12981175;12981761;7;0;0;0
chr1;13048415;13048739;7;1;1;0
chr1;13090425;13090835;7;3;3;0
chr1;14090869;14091532;10;0;0;0
chr1;16221442;16222207;13;2;2;0
chr1;16894805;16895278;13;1;1;0
chr1;20339880;20340254;11;1;1;0
chr1;21845755;21846302;10;1;1;0
chr1;21950307;21950875;9;3;3;0
chr1;21953179;21953612;9;1;1;0
chr1;22586227;22586683;5;0;0;0
chr1;23474416;23474736;10;0;0;0
chr1;33390663;33391550;11;3;3;0
chr1;34246148;34246616;21;0;0;0
chr1;36248714;36249393;23;1;1;0
chr1;37443283;37443905;35;1;1;0
chr1;38042525;38042973;22;3;3;0
chr1;39337996;39338755;15;1;1;0
chr1;41115466;41116006;10;3;3;0
chr1;41942281;41942694;4;1;1;0
chr1;43112048;43112431;17;1;1;0
chr1;43296587;43297027;21;1;1;0
chr1;43304181;43305172;21;1;1;0
chr1;45642505;45642999;11;1;1;0
chr1;46938959;46939404;8;1;1;0
chr1;46944711;46945137;8;0;0;0
chr1;52307510;52308391;17;5;3;2
chr1;53370034;53370865;19;3;3;0
chr1;53462712;53463199;20;2;1;1
chr1;55945375;55946179;15;5;3;2
chr1;57153599;57154448;9;2;2;0
chr1;58154876;58155501;26;2;2;0
chr1;58271059;58271718;29;0;0;0
chr1;59421304;59422098;33;1;1;0
chr1;60665782;60666365;16;1;1;0
chr1;60788906;60789242;14;2;2;0
chr1;60872545;60873180;14;2;2;0
chr1;62677990;62678443;9;0;0;0
chr1;62874543;62875308;12;0;0;0
chr1;63983878;63984663;18;4;4;0
chr1;64168348;64168871;27;3;3;0
chr1;64249535;64250201;27;4;4;0
chr1;64992631;64993234;23;3;2;1
chr1;69041844;69042387;4;2;1;1
chr1;72272799;72273414;16;2;2;0
chr1;72290257;72291275;16;3;2;1
chr1;72362759;72363481;16;3;3;0
chr1;72757567;72758270;12;3;3;0
chr1;73410179;73410471;19;0;0;0
chr1;73412040;73412868;19;3;3;0
chr1;73777915;73778523;26;0;0;0
chr1;73866266;73866786;29;0;0;0
chr1;73966243;73967157;30;4;4;0
chr1;73995018;73995775;31;0;0;0
chr1;74443762;74444622;48;1;1;0
chr1;75676993;75677556;36;3;2;1
chr1;76035466;76036279;26;2;2;0
chr1;76079852;76080535;26;1;1;0
chr1;76412393;76412906;11;2;1;1
chr1;76547383;76547934;3;4;4;0
chr1;76654752;76655389;1;3;3;0
chr1;77058884;77059532;1;2;2;0
chr1;77062987;77063546;1;3;3;0
chr1;77077277;77078019;1;3;2;1
chr1;77289805;77290481;2;1;1;0
chr1;77379972;77380897;3;1;1;0
chr1;77382711;77383225;3;2;2;0
chr1;77512497;77513304;5;0;0;0
chr1;78422377;78422979;9;3;3;0
chr1;80066667;80067001;9;1;1;0
chr1;80189402;80189905;10;1;1;0
chr1;82182645;82183052;13;0;0;0
chr1;82360640;82361470;13;3;3;0
chr1;82627813;82628359;13;1;1;0
chr1;84835864;84836410;15;2;1;1
chr1;87615594;87616100;26;2;2;0
chr1;88129006;88129706;34;1;1;0
chr1;88131649;88132287;34;6;4;2
chr1;88422488;88422494;39;0;0;0
chr1;90161460;90162305;21;1;1;0
chr1;90654803;90655472;15;3;3;0
chr1;90989003;90989583;13;1;0;1
chr1;91087812;91088282;13;2;2;0
chr1;92051285;92051665;12;1;1;0
chr1;92053108;92053736;12;2;1;1
chr1;92912153;92912594;24;1;1;0
chr1;93146397;93147076;22;2;2;0
chr1;93345256;93345877;23;1;1;0
chr1;94595417;94596004;35;0;0;0
chr1;94668916;94669514;38;1;1;0
chr1;94671623;94672572;38;2;2;0
chr1;95047343;95048012;43;3;3;0
chr1;99666388;99667295;8;1;1;0
chr1;100170370;100171018;5;0;0;0
chr1;104583823;104584636;0;1;1;0
chr1;108100587;108101269;17;1;1;0
chr1;108897076;108897460;17;2;0;2
chr1;117442507;117443082;1;1;1;0
chr1;120355497;120356377;8;0;0;0
chr1;120382480;120382975;9;2;2;0
chr1;120407551;120408109;9;2;2;0
chr1;121133287;121133939;19;1;1;0
chr1;128474686;128475316;7;1;1;0
chr1;129357392;129357821;14;1;1;0
chr1;132678775;132679203;27;3;3;0
chr1;134207705;134208503;33;2;2;0
chr1;135995178;135995714;35;0;0;0
chr1;136045697;136046303;37;1;1;0
chr1;136806550;136807088;43;3;2;1
chr1;136995668;136996455;43;3;3;0
chr1;137052765;137053563;42;1;1;0
chr1;137080527;137081226;42;2;1;1
chr1;137420969;137421493;35;1;1;0
chr1;137625615;137626192;36;1;1;0
chr1;137696489;137696525;36;0;0;0
chr1;137704105;137704320;36;0;0;0
chr1;137707774;137708336;36;0;0;0
chr1;137708536;137709133;36;1;1;0
chr1;137732198;137733304;36;3;2;1
chr1;140663198;140663636;13;4;3;1
chr1;145678214;145678609;10;1;1;0
chr1;145902683;145903435;10;4;4;0
chr1;153833400;153833894;17;2;2;0
chr1;153896671;153897346;16;2;2;0
chr1;154537116;154537774;19;1;1;0
chr1;154637747;154638699;21;2;1;1
chr1;155390003;155390906;24;4;4;0
chr1;155746951;155747268;20;0;0;0
chr1;156946317;156947082;17;0;0;0
chr1;161465529;161466205;13;1;1;0
chr1;162143256;162143686;21;2;2;0
chr1;162378766;162379314;22;2;2;0
chr1;162643299;162643837;22;2;1;1
chr1;162755528;162756090;25;0;0;0
chr1;162762648;162763089;25;0;0;0
chr1;162763320;162763745;25;3;3;0
chr1;162965067;162965757;26;1;1;0
chr1;162969087;162969635;26;1;1;0
chr1;162969665;162970851;26;2;1;1
chr1;163414096;163414729;25;0;0;0
chr1;164500361;164500828;20;0;0;0
chr1;166300722;166301224;22;4;3;1
chr1;167040492;167041374;22;3;3;0
chr1;167044509;167045535;22;2;2;0
chr1;170261520;170262199;6;2;2;0
chr1;170512376;170513133;4;3;3;0
chr1;170820204;170820976;4;1;1;0
chr1;171179136;171179622;11;0;0;0
chr1;171182198;171182817;11;2;2;0
chr1;171899376;171899983;21;0;0;0
chr1;172432551;172433030;46;1;1;0
chr1;174239781;174240734;52;0;0;0
chr1;174636827;174637503;45;1;1;0
chr1;175844427;175844958;39;0;0;0
chr1;178053794;178054469;12;2;2;0
chr1;178917505;178918102;7;2;1;1
chr1;180574948;180575494;14;2;2;0
chr1;180591332;180592212;14;1;1;0
chr1;180991790;180992589;16;2;2;0
chr1;181211936;181212442;14;1;1;0
chr1;181364181;181365272;15;3;3;0
chr1;181376640;181377174;16;2;2;0
chr1;181404698;181405472;16;1;1;0
chr1;182293743;182294567;31;1;1;0
chr1;182446975;182447685;32;0;0;0
chr1;183074264;183074826;31;0;0;0
chr1;185617587;185618411;8;1;1;0
chr1;185757927;185758411;10;3;3;0
chr1;185994803;185995328;8;0;0;0
chr1;186045503;186046195;10;1;1;0
chr1;187086468;187087041;15;1;1;0
chr1;188379141;188379983;7;1;1;0
chr1;189150946;189151265;7;0;0;0
chr1;189259052;189259694;7;3;3;0
chr1;189660814;189661177;5;1;1;0
chr1;190209634;190210486;4;3;2;1
chr1;190874539;190875032;7;1;1;0
chr1;191195455;191196308;7;3;3;0
chr1;191519097;191519692;7;0;0;0
chr1;191522104;191522754;7;3;3;0
chr1;191734755;191735222;8;3;3;0
chr1;191747861;191748644;8;0;0;0
chr1;191967449;191968361;13;5;5;0
chr1;191968390;191968871;13;3;3;0
chr1;192068116;192068753;15;1;1;0
chr1;195142224;195142610;13;0;0;0
chr1;195275561;195275989;13;3;2;1
chr1;195453183;195453776;13;0;0;0
chr1;196168762;196169221;7;5;3;2
chr1;197067595;197068255;5;1;1;0
chr2;115867428;115868047;3;2;2;0
chr2;3662170;3662900;17;2;2;0
chr2;4438302;4438845;16;0;0;0
chr2;5619252;5619705;23;2;1;1
chr2;7009972;7010687;8;2;2;0
chr2;7171170;7171610;5;0;0;0
chr2;7441359;7441876;3;2;2;0
chr2;9891332;9892575;16;2;2;0
chr2;14839227;14839919;9;3;3;0
chr2;16814075;16814688;3;2;2;0
chr2;19584819;19585514;13;6;6;0
chr2;20486061;20486600;8;0;0;0
chr2;22750739;22751329;13;0;0;0
chr2;22923952;22924246;12;1;1;0
chr2;25430402;25430854;81;2;1;1
chr2;26495313;26496047;53;0;0;0
chr2;27421322;27421887;36;3;3;0
chr2;27548070;27548614;35;2;2;0
chr2;27611836;27612251;36;2;2;0
chr2;29133247;29133885;45;1;1;0
chr2;31036397;31036963;39;2;2;0
chr2;31901362;31902107;50;3;3;0
chr2;32310537;32310945;51;2;2;0
chr2;32476506;32477080;49;0;0;0
chr2;33758588;33759317;21;2;1;1
chr2;34459073;34459754;23;0;0;0
chr2;34627360;34628043;22;2;2;0
chr2;34984328;34984861;27;2;2;0
chr2;35443732;35444576;35;3;2;1
chr2;35448178;35448705;35;2;2;0
chr2;35483127;35484094;34;0;0;0
chr2;35630989;35631730;36;1;1;0
chr2;35713354;35713778;37;1;1;0
chr2;35715801;35716248;38;0;0;0
chr2;37685139;37685567;32;2;2;0
chr2;37705744;37706417;32;0;0;0
chr2;38328054;38328550;18;0;0;0
chr2;38679605;38680048;13;2;1;1
chr2;39081602;39082166;13;1;1;0
chr2;48272490;48272984;3;2;2;0
chr2;50690859;50691587;5;4;4;0
chr2;50736309;50736710;5;0;0;0
chr2;51013158;51013771;9;1;1;0
chr2;52161997;52162490;13;3;3;0
chr2;52332692;52333143;13;2;1;1
chr2;52426959;52427363;13;3;2;1
chr2;55017067;55017646;2;4;3;1
chr2;57798040;57798446;11;2;1;1
chr2;58369542;58370203;10;2;2;0
chr2;59104515;59104941;12;1;1;0
chr2;59144520;59145112;13;3;2;1
chr2;59810437;59811049;13;4;3;1
chr2;60683133;60683956;13;4;4;0
chr2;63111666;63112312;8;0;0;0
chr2;63908171;63908911;3;1;1;0
chr2;65134363;65135163;10;0;0;0
chr2;65402002;65402569;11;1;1;0
chr2;65819911;65820509;12;2;2;0
chr2;65833058;65833843;12;0;0;0
chr2;68053245;68053803;10;0;0;0
chr2;68216167;68217021;12;1;1;0
chr2;68268761;68269763;14;3;3;0
chr2;70280808;70281454;26;0;0;0
chr2;70827668;70828478;23;1;1;0
chr2;71438051;71438652;20;2;2;0
chr2;72311315;72311944;18;2;2;0
chr2;73656809;73657344;29;3;2;1
chr2;76819712;76820258;14;2;2;0
chr2;76964772;76965591;13;3;3;0
chr2;77050883;77051354;13;2;2;0
chr2;77365450;77366104;11;3;3;0
chr2;77664064;77664919;6;1;1;0
chr2;79579180;79579700;15;3;3;0
chr2;79706704;79707132;16;1;1;0
chr2;79732186;79732845;16;0;0;0
chr2;80011833;80012464;15;3;3;0
chr2;80266821;80267575;13;1;1;0
chr2;83599474;83600517;24;3;3;0
chr2;84490488;84490978;46;2;2;0
chr2;84555557;84556449;48;2;1;1
chr2;84577335;84578241;49;0;0;0
chr2;84578576;84579111;49;2;2;0
chr2;90900977;90901473;44;1;1;0
chr2;90957894;90959371;44;0;0;0
chr2;90977324;90978320;43;2;2;0
chr2;93149993;93150588;26;0;0;0
chr2;93781684;93782302;20;0;0;0
chr2;102298104;102298477;18;2;2;0
chr2;103324869;103324916;22;0;0;0
chr2;103432171;103432813;23;0;0;0
chr2;103600994;103601745;26;3;2;1
chr2;103736230;103736846;27;4;3;1
chr2;104307131;104307750;28;0;0;0
chr2;105566716;105567279;18;1;1;0
chr2;106301632;106302330;11;4;4;0
chr2;106492181;106493085;11;6;6;0
chr2;108631397;108632046;3;4;4;0
chr2;109785130;109785765;13;3;3;0
chr2;109883110;109883791;13;2;2;0
chr2;110026353;110027182;17;1;1;0
chr2;113806234;113806898;11;3;3;0
chr2;113870732;113872611;11;3;3;0
chr2;113872844;113873321;11;1;1;0
chr2;113873527;113874223;11;1;1;0
chr2;113874774;113875820;11;2;2;0
chr2;113876721;113879120;11;3;2;1
chr2;113879547;113880219;11;2;2;0
chr2;113948789;113949478;11;3;3;0
chr2;115018659;115019096;4;2;2;0
chr2;115788466;115788827;3;0;0;0
chr2;115890994;115891412;3;0;0;0
chr2;118025582;118025968;29;4;4;0
chr2;118029468;118030169;29;6;6;0
chr2;120229366;120229873;50;0;0;0
chr2;121120074;121120472;49;2;2;0
chr2;121274379;121274806;51;3;3;0
chr2;123951041;123951670;3;2;2;0
chr2;123952481;123953223;3;1;1;0
chr2;124313571;124314339;7;3;3;0
chr2;124333481;124334017;8;2;2;0
chr2;124487923;124488519;10;2;2;0
chr2;125840740;125841191;25;3;2;1
chr2;128157495;128157813;35;0;0;0
chr2;128333128;128334106;33;4;3;1
chr2;128553244;128553986;29;2;2;0
chr2;128792655;128793189;27;2;2;0
chr2;129743982;129744709;43;0;0;0
chr2;130985624;130986263;45;2;1;1
chr2;131728432;131729129;38;3;3;0
chr2;132095748;132096482;27;2;2;0
chr2;132108815;132109553;27;2;2;0
chr2;132964541;132965293;18;0;0;0
chr2;133192960;133193597;14;5;5;0
chr2;135362021;135362500;10;1;1;0
chr2;137248258;137249134;8;3;3;0
chr2;140167913;140168524;10;1;1;0
chr2;140710787;140711367;8;3;2;1
chr2;140916976;140917959;7;7;7;0
chr2;141097096;141097597;5;4;4;0
chr2;141137878;141138494;5;2;1;1
chr2;141822903;141823386;3;2;2;0
chr2;141942088;141942765;5;5;5;0
chr2;142467340;142467915;5;2;2;0
chr2;142477262;142477825;5;2;2;0
chr2;146071187;146071566;14;1;1;0
chr2;148199421;148200105;21;0;0;0
chr2;148217205;148217545;20;1;1;0
chr2;154198089;154198650;40;0;0;0
chr2;156546034;156546608;46;0;0;0
chr2;156608129;156609128;45;1;1;0
chr2;157953513;157954053;28;2;2;0
chr2;163179073;163179869;43;0;0;0
chr2;163220535;163220912;44;0;0;0
chr2;163511359;163511955;60;2;2;0
chr2;163879263;163880166;76;1;1;0
chr2;164736903;164737658;71;2;1;1
chr2;165552782;165553337;35;3;2;1
chr2;165836831;165837577;22;0;0;0
chr2;166021414;166022116;24;3;2;1
chr2;166224828;166225450;20;1;1;0
chr2;166237802;166238666;19;0;0;0
chr2;166285537;166286160;20;1;1;0
chr2;166339843;166340757;20;4;3;1
chr2;166347198;166348155;19;2;1;1
chr2;166888570;166889481;23;4;4;0
chr2;167378167;167378794;27;2;2;0
chr2;167676804;167677416;28;1;1;0
chr2;167788470;167789115;27;2;2;0
chr2;168032622;168033139;23;2;2;0
chr2;168109068;168110022;22;1;1;0
chr2;168458777;168459371;19;0;0;0
chr2;169525459;169526231;13;0;0;0
chr2;169608765;169609421;12;3;3;0
chr2;169612255;169612753;12;0;0;0
chr2;169723072;169723596;12;2;1;1
chr2;170301864;170302695;10;4;4;0
chr2;172054700;172055211;18;1;1;0
chr2;172256070;172256463;18;0;0;0
chr2;172688105;172689075;25;0;0;0
chr2;172701195;172701848;25;2;2;0
chr2;173518072;173518582;26;0;0;0
chr2;173605345;173606032;27;1;1;0
chr2;177890525;177891112;19;2;2;0
chr2;177954386;177955055;19;1;1;0
chr2;178539884;178540433;13;1;1;0
chr2;178575488;178575924;12;0;0;0
chr2;179869482;179870084;37;2;2;0
chr2;179991507;179992222;44;2;2;0
chr2;180120153;180120786;48;0;0;0
chr2;180134041;180134429;49;0;0;0
chr2;180134674;180137784;49;8;8;0
chr2;181315791;181316265;46;1;1;0
chr3;5860473;5860928;4;1;1;0
chr3;8744641;8745307;7;2;2;0
chr3;8854650;8855298;7;0;0;0
chr3;8893230;8894025;7;4;4;0
chr3;10301885;10302422;13;1;1;0
chr3;19522484;19522927;16;2;2;0
chr3;19544053;19544915;16;2;2;0
chr3;19565205;19565995;16;5;5;0
chr3;19982187;19982656;16;1;1;0
chr3;20045450;20045977;16;1;1;0
chr3;21302392;21302890;3;1;1;0
chr3;21443693;21444352;3;3;2;1
chr3;21462954;21463670;3;1;1;0
chr3;21834740;21835287;3;1;1;0
chr3;21862423;21863351;3;3;3;0
chr3;27090610;27091248;9;1;1;0
chr3;27541069;27541840;9;1;1;0
chr3;28088313;28088700;12;1;1;0
chr3;28205700;28206336;11;2;2;0
chr3;28452754;28453203;9;1;1;0
chr3;30501220;30501753;18;0;0;0
chr3;31143934;31144603;16;1;1;0
chr3;31308642;31310121;18;8;8;0
chr3;33698729;33699152;7;0;0;0
chr3;33733932;33734465;7;1;1;0
chr3;33906919;33907537;6;2;2;0
chr3;33975167;33975698;6;2;2;0
chr3;34857931;34858540;5;1;1;0
chr3;37024518;37025121;21;4;4;0
chr3;37687244;37687787;16;2;2;0
chr3;37941528;37942113;16;2;2;0
chr3;39678884;39679394;10;1;1;0
chr3;41249661;41250138;17;3;2;1
chr3;41293254;41293863;17;4;4;0
chr3;49443084;49443514;2;1;1;0
chr3;49739051;49739628;2;0;0;0
chr3;51528266;51528944;13;2;2;0
chr3;51685685;51686578;13;7;6;1
chr3;52744909;52745508;13;2;2;0
chr3;53267192;53267627;13;1;1;0
chr3;53534228;53534887;15;3;3;0
chr3;57274098;57274554;9;1;1;0
chr3;57970118;57970928;19;1;1;0
chr3;57986058;57986674;20;0;0;0
chr3;60406968;60407693;10;3;3;0
chr3;61730994;61731882;6;2;2;0
chr3;64063198;64063887;11;0;0;0
chr3;64937580;64938146;11;1;1;0
chr3;65406914;65407786;11;2;2;0
chr3;65648871;65649562;9;2;2;0
chr3;65708509;65709086;9;1;1;0
chr3;67267273;67267287;9;0;0;0
chr3;67267552;67268138;9;1;0;1
chr3;70172125;70172569;7;2;1;1
chr3;72863951;72864467;3;3;3;0
chr3;73199504;73200396;3;1;1;0
chr3;78186840;78187403;3;1;1;0
chr3;79335375;79336164;11;2;1;1
chr3;81915887;81916770;16;3;3;0
chr3;82141779;82142115;16;1;1;0
chr3;84185888;84186343;12;0;0;0
chr3;84390096;84391015;13;5;3;2
chr3;84430459;84431180;13;4;4;0
chr3;84727568;84728172;14;4;4;0
chr3;85125017;85125436;14;3;3;0
chr3;85320850;85321390;13;0;0;0
chr3;85321618;85321661;13;0;0;0
chr3;85321687;85322441;13;2;2;0
chr3;85821311;85822036;12;3;3;0
chr3;85832843;85833437;12;0;0;0
chr3;87342050;87342879;49;2;2;0
chr3;87981477;87982013;66;0;0;0
chr3;88505080;88505723;85;2;2;0
chr3;88981062;88981722;76;2;2;0
chr3;89215546;89215979;75;0;0;0
chr3;90353607;90354085;41;3;3;0
chr3;94828425;94828984;64;1;1;0
chr3;95462327;95462872;77;0;0;0
chr3;95477044;95477599;78;2;2;0
chr3;95623409;95623848;81;0;0;0
chr3;95761804;95762057;82;1;1;0
chr3;95788907;95789737;81;0;0;0
chr3;96041951;96042231;70;1;1;0
chr3;96066913;96067637;68;0;0;0
chr3;96073008;96074018;68;4;4;0
chr3;96132098;96133023;62;1;1;0
chr3;96361593;96362623;59;3;3;0
chr3;96366071;96366876;60;1;1;0
chr3;96866654;96867281;48;3;2;1
chr3;97455705;97456338;32;3;3;0
chr3;97673461;97674083;28;0;0;0
chr3;99784937;99785470;11;1;1;0
chr3;100495039;100495838;14;3;3;0
chr3;100551877;100552570;14;2;2;0
chr3;101240220;101240772;17;2;1;1
chr3;101355782;101356365;16;0;0;0
chr3;101399775;101400791;16;2;2;0
chr3;101401785;101401806;16;0;0;0
chr3;101608106;101608821;17;2;2;0
chr3;102537902;102538513;19;4;4;0
chr3;102824150;102824914;25;4;3;1
chr3;104156565;104157036;24;0;0;0
chr3;104176087;104177068;23;4;3;1
chr3;104403213;104403984;25;0;0;0
chr3;105617846;105618701;29;5;5;0
chr3;105618808;105619516;29;1;1;0
chr3;105701727;105702370;28;4;4;0
chr3;107563045;107563621;55;1;1;0
chr3;108166502;108167059;52;4;3;1
chr3;108357463;108358054;50;4;2;2
chr3;108374338;108375015;49;1;1;0
chr3;109057657;109058343;28;4;3;1
chr3;109089153;109090026;27;1;1;0
chr3;109513295;109513681;14;5;5;0
chr3;109722298;109722651;9;0;0;0
chr3;115322720;115323244;15;0;0;0
chr3;115518070;115518512;18;2;1;1
chr3;115714894;115715444;21;1;1;0
chr3;117314215;117314797;14;3;2;1
chr3;119770383;119770951;2;1;1;0
chr3;120073308;120073812;7;2;1;1
chr3;120513024;120513564;11;1;1;0
chr3;121767436;121767963;24;2;2;0
chr3;121844964;121845924;25;1;1;0
chr3;122019354;122020299;23;3;3;0
chr3;122176784;122177339;22;1;1;0
chr3;122773631;122774484;17;3;3;0
chr3;122778346;122779062;17;2;2;0
chr3;122852233;122853081;17;5;5;0
chr3;123210819;123211677;15;2;2;0
chr3;126363919;126364402;10;3;3;0
chr3;126426222;126426905;11;1;1;0
chr3;126482744;126483580;10;2;2;0
chr3;127161900;127162485;12;3;3;0
chr3;127942361;127943388;11;5;5;0
chr3;128223316;128223991;10;1;1;0
chr3;129293503;129293970;13;1;1;0
chr3;130292331;130292901;19;3;1;2
chr3;130603180;130604029;13;5;4;1
chr3;130681887;130682659;11;4;3;1
chr3;132493880;132494623;10;2;2;0
chr3;133278488;133278888;10;0;0;0
chr3;133401940;133402335;9;4;4;0
chr3;135265034;135265354;12;2;2;0
chr3;135506606;135507268;13;0;0;0
chr3;137806129;137807009;21;4;4;0
chr3;138166652;138167252;21;0;0;0
chr3;138223216;138223622;20;3;2;1
chr3;138581152;138581925;18;3;3;0
chr3;138970781;138971739;11;3;1;2
chr3;139976671;139977118;3;0;0;0
chr3;141788119;141789083;13;2;2;0
chr3;142755073;142755995;11;4;3;1
chr3;143260656;143261302;9;1;1;0
chr3;143827884;143828414;13;3;2;1
chr3;144116611;144117047;14;0;0;0
chr3;144233448;144234116;14;1;1;0
chr3;145125251;145125871;27;1;1;0
chr3;145312114;145313034;30;1;1;0
chr3;145941108;145942161;23;2;2;0
chr3;145989929;145990722;23;0;0;0
chr3;146113319;146113741;23;0;0;0
chr3;146467176;146467477;20;2;2;0
chr3;146950245;146951039;12;2;2;0
chr3;147719094;147719575;1;1;1;0
chr3;148096997;148097599;4;0;0;0
chr3;149168504;149169173;5;1;1;0
chr3;149384756;149385152;5;0;0;0
chr3;151852229;151852786;14;2;2;0
chr3;151854653;151855207;14;2;1;1
chr3;152156706;152157133;15;3;3;0
chr3;152171543;152172041;15;3;2;1
chr3;152530789;152531506;14;3;3;0
chr3;153059532;153059984;12;1;1;0
chr3;153380448;153381271;13;2;2;0
chr3;153512253;153512951;14;3;2;1
chr3;153568766;153569274;14;0;0;0
chr3;153569279;153569876;14;0;0;0
chr3;153575422;153576076;14;0;0;0
chr3;154543575;154543955;12;0;0;0
chr3;154556178;154556702;12;7;4;3
chr3;156610113;156610938;7;2;2;0
chr3;156778116;156778778;10;1;1;0
chr3;157417895;157418276;10;1;1;0
chr4;129629742;129630133;48;0;0;0
chr4;150470486;150471065;27;2;2;0
chr4;6635380;6636297;6;1;1;0
chr4;6673319;6673720;6;1;0;1
chr4;6676387;6677025;6;3;2;1
chr4;8172615;8173203;3;0;0;0
chr4;8652532;8653121;5;1;1;0
chr4;9533263;9533738;5;0;0;0
chr4;13083918;13085092;4;2;2;0
chr4;13192088;13193111;2;2;2;0
chr4;19418384;19418811;11;1;1;0
chr4;19652190;19652737;11;2;2;0
chr4;19776258;19776886;11;2;2;0
chr4;24912500;24913225;10;0;0;0
chr4;32229070;32229586;11;0;0;0
chr4;32993291;32994109;15;0;0;0
chr4;33023517;33024199;16;2;2;0
chr4;33585581;33586176;19;2;2;0
chr4;33597135;33597988;19;1;1;0
chr4;34201227;34201737;20;1;1;0
chr4;34381222;34381830;16;2;2;0
chr4;34725335;34725796;16;0;0;0
chr4;35303412;35303900;14;2;2;0
chr4;39014576;39015013;1;0;0;0
chr4;39345294;39345916;6;1;1;0
chr4;41222222;41222804;49;0;0;0
chr4;43169664;43170289;79;1;1;0
chr4;43543444;43544010;62;1;1;0
chr4;43571001;43572006;63;0;0;0
chr4;44186125;44186380;47;1;1;0
chr4;45050477;45051111;26;1;1;0
chr4;45487230;45487586;31;2;2;0
chr4;45836793;45837773;35;2;2;0
chr4;45977549;45978080;34;0;0;0
chr4;46051352;46051943;32;3;3;0
chr4;46053339;46054136;32;3;2;1
chr4;47657925;47658513;16;1;1;0
chr4;47683110;47683767;16;0;0;0
chr4;48057781;48058337;14;1;1;0
chr4;49084746;49085045;19;0;0;0
chr4;52049650;52050271;10;0;0;0
chr4;52056211;52056722;10;1;1;0
chr4;52226151;52226832;10;1;1;0
chr4;53988903;53989489;12;1;1;0
chr4;54482668;54483424;11;2;2;0
chr4;57550831;57551539;17;7;7;0
chr4;57600907;57601940;17;3;3;0
chr4;57825527;57826248;15;3;3;0
chr4;58224236;58224728;17;2;1;1
chr4;59102481;59102892;22;1;1;0
chr4;59224107;59224438;23;3;2;1
chr4;62230812;62231755;33;3;3;0
chr4;62306606;62307129;33;4;4;0
chr4;63228704;63229355;17;2;1;1
chr4;63553241;63553982;16;8;5;3
chr4;63719128;63719717;16;2;2;0
chr4;63719821;63719944;16;0;0;0
chr4;65055098;65055417;3;1;1;0
chr4;66198300;66198865;3;1;1;0
chr4;66555429;66556146;2;1;1;0
chr4;71854097;71854761;3;1;1;0
chr4;71856117;71856753;3;4;4;0
chr4;76107146;76107678;1;1;1;0
chr4;77389264;77389742;2;2;2;0
chr4;82879490;82880021;12;3;3;0
chr4;86037058;86037737;10;2;2;0
chr4;86221143;86221506;10;0;0;0
chr4;86601201;86601782;10;4;4;0
chr4;87074010;87074754;12;0;0;0
chr4;87308494;87309219;14;2;2;0
chr4;87855097;87855745;37;0;0;0
chr4;89345469;89345857;28;0;0;0
chr4;90040591;90041196;3;1;1;0
chr4;92292393;92292963;3;2;2;0
chr4;94718357;94719020;14;1;1;0
chr4;96879160;96879899;9;3;3;0
chr4;97867778;97868318;12;4;2;2
chr4;99899204;99899651;16;1;1;0
chr4;99970156;99971069;13;2;2;0
chr4;100017163;100017840;13;0;0;0
chr4;100053291;100053698;13;1;1;0
chr4;100199853;100200640;15;0;0;0
chr4;101848540;101849359;19;1;1;0
chr4;101849553;101850520;19;2;2;0
chr4;101927441;101928027;20;2;1;1
chr4;103327046;103327699;13;1;1;0
chr4;103329651;103330008;13;0;0;0
chr4;104773663;104774548;7;5;5;0
chr4;105598468;105599003;15;0;0;0
chr4;106218548;106218908;24;2;2;0
chr4;107991506;107992109;32;2;2;0
chr4;108766872;108767428;28;2;2;0
chr4;109078869;109079349;23;3;3;0
chr4;110024392;110024823;10;0;0;0
chr4;114083678;114084316;13;1;1;0
chr4;114158526;114159065;14;1;1;0
chr4;114173303;114174296;14;2;2;0
chr4;114233308;114233865;15;0;0;0
chr4;115894052;115894686;53;2;2;0
chr4;116862094;116863002;41;1;1;0
chr4;116874833;116875688;41;0;0;0
chr4;118723305;118724044;51;3;2;1
chr4;118726547;118727418;51;1;0;1
chr4;118736480;118737356;51;3;3;0
chr4;118821677;118822481;50;6;5;1
chr4;119184902;119185622;45;3;3;0
chr4;119919939;119920475;32;3;2;1
chr4;119921277;119921839;32;0;0;0
chr4;119924891;119925293;31;0;0;0
chr4;120065345;120066233;29;1;1;0
chr4;120288524;120289034;26;1;1;0
chr4;120532440;120533203;23;4;4;0
chr4;122563356;122564066;21;1;1;0
chr4;122727816;122728525;23;1;1;0
chr4;124329855;124330520;29;0;0;0
chr4;125317498;125318717;39;2;2;0
chr4;125780788;125781263;31;4;4;0
chr4;125787550;125788119;30;3;3;0
chr4;128097054;128097674;22;3;3;0
chr4;129580772;129581231;49;3;2;1
chr4;129603591;129604172;48;1;1;0
chr4;131688110;131688681;32;4;4;0
chr4;131825660;131826421;37;0;0;0
chr4;132597412;132598032;50;1;1;0
chr4;132643571;132644294;50;2;2;0
chr4;134168103;134168891;44;4;3;1
chr4;134868812;134869752;43;1;1;0
chr4;134869894;134869924;43;0;0;0
chr4;135694470;135695372;39;5;4;1
chr4;135699396;135699946;39;1;1;0
chr4;136604209;136605042;32;0;0;0
chr4;140068119;140068851;32;1;1;0
chr4;140204937;140205756;36;2;2;0
chr4;140695423;140695990;44;1;1;0
chr4;140977024;140977905;42;1;1;0
chr4;141709203;141709901;29;4;3;1
chr4;142689388;142690185;24;5;4;1
chr4;142712738;142713541;24;4;3;1
chr4;143002702;143003256;32;6;6;0
chr4;147339724;147340456;39;3;3;0
chr4;147343339;147343894;39;1;1;0
chr4;147359479;147360729;39;1;1;0
chr4;147361736;147362505;39;1;1;0
chr4;147374182;147374942;39;2;2;0
chr4;147377910;147379683;39;1;1;0
chr4;147379708;147380236;39;0;0;0
chr4;148108413;148109041;43;5;4;1
chr4;148121084;148121138;44;0;0;0
chr4;148701209;148701863;32;5;3;2
chr4;148773317;148773994;32;1;1;0
chr4;149746146;149746703;28;2;2;0
chr4;150122437;150122978;20;2;2;0
chr4;150471921;150472723;27;4;4;0
chr4;152302628;152303074;24;1;1;0
chr4;152975486;152975936;16;1;1;0
chr4;153742814;153743181;30;3;2;1
chr4;153767164;153768272;31;1;1;0
chr4;153816772;153817302;32;1;1;0
chr5;122550799;122552494;43;2;2;0
chr5;149159665;149160246;14;1;1;0
chr5;5013453;5014082;12;1;1;0
chr5;5207371;5208053;9;2;2;0
chr5;5250591;5251149;9;5;5;0
chr5;7600413;7600919;7;2;2;0
chr5;10196822;10197386;5;0;0;0
chr5;13022253;13022771;4;3;3;0
chr5;13398906;13399651;5;0;0;0
chr5;13628939;13629442;5;2;2;0
chr5;13935538;13935941;7;2;2;0
chr5;17211990;17212405;6;3;3;0
chr5;21442219;21442968;19;1;1;0
chr5;22938216;22938978;20;2;2;0
chr5;23025376;23026136;25;3;3;0
chr5;23167024;23167560;30;0;0;0
chr5;23843165;23843575;38;0;0;0
chr5;23858066;23858569;38;0;0;0
chr5;24395435;24396342;36;3;3;0
chr5;29356982;29357416;17;1;1;0
chr5;30481430;30482041;43;1;1;0
chr5;31870595;31871026;46;2;2;0
chr5;32113377;32113857;45;1;1;0
chr5;33076509;33077005;25;2;2;0
chr5;33994536;33995368;35;2;2;0
chr5;34526155;34526764;36;1;1;0
chr5;34560135;34560855;36;3;3;0
chr5;35297259;35297951;31;1;1;0
chr5;35950318;35950739;29;3;2;1
chr5;36597548;36598289;26;1;1;0
chr5;36639823;36640392;26;0;0;0
chr5;36727627;36728630;27;4;3;1
chr5;37753896;37754319;27;0;0;0
chr5;37979088;37979548;23;2;1;1
chr5;38879741;38880322;15;3;3;0
chr5;43504770;43505441;12;2;2;0
chr5;43630427;43631183;12;3;2;1
chr5;44992518;44993194;21;0;0;0
chr5;45830003;45830707;12;1;1;0
chr5;48242758;48243347;3;1;1;0
chr5;48260610;48261333;3;4;4;0
chr5;51984555;51984931;8;0;0;0
chr5;52604483;52605156;15;1;1;0
chr5;52847970;52848842;15;1;0;1
chr5;53343861;53344405;18;3;2;1
chr5;53743940;53744458;19;1;1;0
chr5;53911107;53911835;16;3;3;0
chr5;54549416;54549928;9;3;2;1
chr5;54550457;54551077;9;2;1;1
chr5;54570099;54570610;9;2;2;0
chr5;54571346;54571862;9;0;0;0
chr5;55440556;55441125;2;4;3;1
chr5;63110158;63110557;5;0;0;0
chr5;64457141;64457813;12;2;1;1
chr5;66808348;66808885;18;4;4;0
chr5;67106398;67107159;17;0;0;0
chr5;72826292;72826717;20;1;1;0
chr5;73585429;73585813;22;1;1;0
chr5;74119838;74120249;19;4;3;1
chr5;74601995;74602660;18;3;2;1
chr5;74669372;74669942;17;5;4;1
chr5;74757549;74758172;15;2;2;0
chr5;75128636;75129408;12;2;2;0
chr5;75206780;75207804;11;3;2;1
chr5;75327645;75328327;11;2;2;0
chr5;76158324;76158857;15;1;1;0
chr5;77558912;77560118;24;2;1;1
chr5;81452840;81453579;1;1;1;0
chr5;86419748;86420508;14;1;1;0
chr5;89220568;89220876;26;1;1;0
chr5;92058313;92058831;35;0;0;0
chr5;92871834;92872348;30;5;4;1
chr5;93056823;93057411;30;2;2;0
chr5;93320051;93320678;31;2;1;1
chr5;93565833;93566687;28;1;1;0
chr5;93695587;93696169;26;1;1;0
chr5;93696262;93696836;26;0;0;0
chr5;93717645;93718127;25;0;0;0
chr5;96884146;96884596;17;3;3;0
chr5;97051513;97052233;14;6;6;0
chr5;97179322;97179696;12;0;0;0
chr5;97791548;97791886;11;2;1;1
chr5;98409298;98410072;14;3;3;0
chr5;100781901;100782741;18;2;2;0
chr5;100845213;100845829;18;3;3;0
chr5;101266849;101267382;20;1;1;0
chr5;103181016;103181664;8;5;5;0
chr5;103523775;103524439;11;1;1;0
chr5;104257316;104258193;19;2;2;0
chr5;106137900;106138490;15;0;0;0
chr5;106221723;106222299;15;0;0;0
chr5;106568024;106568624;15;3;2;1
chr5;107480646;107481442;19;0;0;0
chr5;107491375;107491726;19;1;1;0
chr5;107558140;107558854;21;1;1;0
chr5;107610627;107611150;22;2;2;0
chr5;108494146;108495095;36;3;3;0
chr5;111485927;111486888;28;6;5;1
chr5;111657593;111658121;23;1;1;0
chr5;111964667;111965646;24;1;1;0
chr5;112355923;112356600;20;2;2;0
chr5;113126247;113126958;23;3;2;1
chr5;113219754;113220199;26;1;1;0
chr5;113325060;113325492;30;1;1;0
chr5;113336881;113337486;30;1;1;0
chr5;113361885;113362635;30;1;1;0
chr5;113530847;113531663;33;2;2;0
chr5;114351062;114351608;44;3;2;1
chr5;114596540;114597076;47;3;2;1
chr5;115939213;115940496;46;0;0;0
chr5;115940597;115940898;46;0;0;0
chr5;116986909;116987264;20;0;0;0
chr5;118724453;118725246;16;0;0;0
chr5;119699312;119699852;5;1;1;0
chr5;119782442;119783014;4;0;0;0
chr5;120085976;120086566;13;2;2;0
chr5;120101308;120102244;14;2;2;0
chr5;120527168;120527885;25;2;2;0
chr5;120529937;120530837;25;4;4;0
chr5;121051016;121051433;37;1;1;0
chr5;121654305;121654963;43;1;1;0
chr5;122542456;122543466;43;1;0;1
chr5;122544146;122545168;43;1;0;1
chr5;122553253;122553780;43;1;1;0
chr5;122558016;122558565;43;2;2;0
chr5;122558825;122562855;43;7;7;0
chr5;122902047;122902808;48;1;1;0
chr5;123011308;123011759;48;0;0;0
chr5;124777317;124777914;45;0;0;0
chr5;125320392;125321023;39;2;2;0
chr5;125532590;125533274;34;3;2;1
chr5;125894065;125894711;26;2;2;0
chr5;127371142;127371687;4;1;1;0
chr5;130522205;130523196;32;5;4;1
chr5;130667608;130668074;30;1;1;0
chr5;131991569;131992283;4;2;1;1
chr5;131993572;131994166;4;1;1;0
chr5;132404148;132404681;3;1;1;0
chr5;132705511;132706078;2;2;2;0
chr5;132836912;132837565;1;0;0;0
chr5;132854768;132855184;1;1;0;1
chr5;133195254;133195594;2;3;3;0
chr5;133204635;133205298;2;2;2;0
chr5;133861216;133862674;9;4;4;0
chr5;133963490;133964282;10;1;1;0
chr5;134147334;134147999;16;2;2;0
chr5;134446355;134446873;22;1;1;0
chr5;134490326;134491271;25;2;2;0
chr5;134596862;134597452;30;1;1;0
chr5;135171225;135172034;42;4;3;1
chr5;135254757;135255482;45;2;2;0
chr5;135263926;135264723;45;1;1;0
chr5;136833397;136834240;49;0;0;0
chr5;137282429;137282927;61;2;0;2
chr5;137748723;137749287;71;1;1;0
chr5;137974214;137975116;73;2;1;1
chr5;139813499;139814308;31;2;2;0
chr5;139894267;139895140;31;0;0;0
chr5;140522036;140522828;36;1;1;0
chr5;140739752;140740609;34;4;4;0
chr5;140894226;140895307;27;1;1;0
chr5;141573670;141574382;17;1;1;0
chr5;142088608;142089286;16;3;3;0
chr5;142372126;142372842;11;4;4;0
chr5;143016065;143016473;22;1;1;0
chr5;143583032;143583665;35;1;1;0
chr5;143660720;143661789;36;1;1;0
chr5;143662821;143664878;37;3;3;0
chr5;143666439;143666849;37;2;2;0
chr5;143667800;143668758;37;1;0;1
chr5;144466759;144467623;36;3;3;0
chr5;145992166;145992864;29;2;2;0
chr5;147072417;147073049;29;0;0;0
chr5;147236190;147236882;31;0;0;0
chr5;149083367;149084291;17;3;3;0
chr5;150123098;150123480;16;2;2;0
chr5;150326664;150327594;17;3;3;0
chr5;150574863;150575637;19;5;4;1
chr5;151632028;151632614;12;0;0;0
chr6;3151311;3151701;8;0;0;0
chr6;6135147;6136203;11;1;1;0
chr6;6249117;6249623;8;2;2;0
chr6;8359614;8360573;10;6;4;2
chr6;13586597;13587210;7;1;1;0
chr6;15780502;15780902;2;4;4;0
chr6;17015441;17015946;10;4;4;0
chr6;17756598;17756960;12;2;2;0
chr6;21217599;21218259;4;4;4;0
chr6;23444540;23445226;9;3;2;1
chr6;24547144;24548327;14;2;1;1
chr6;29384203;29384805;29;1;0;1
chr6;30459225;30460091;25;1;1;0
chr6;30478382;30479197;26;1;1;0
chr6;30492063;30492852;25;3;3;0
chr6;30495404;30496143;25;3;3;0
chr6;30522485;30523141;25;0;0;0
chr6;30571758;30571876;24;0;0;0
chr6;30571924;30573000;24;1;1;0
chr6;30574677;30575430;24;1;1;0
chr6;30698427;30700649;23;2;2;0
chr6;30961352;30962123;19;2;2;0
chr6;32542815;32543347;4;3;2;1
chr6;32609602;32610197;4;2;2;0
chr6;33896921;33897372;18;2;2;0
chr6;36900977;36901592;9;2;2;0
chr6;38331008;38331661;23;1;1;0
chr6;42357675;42358299;56;3;3;0
chr6;47738094;47738645;31;1;1;0
chr6;47960390;47961342;38;5;5;0
chr6;50982963;50983489;15;0;0;0
chr6;51409414;51410606;26;0;0;0
chr6;51420018;51420262;26;1;1;0
chr6;51807831;51808255;26;2;2;0
chr6;52036075;52036631;25;2;2;0
chr6;52481120;52481939;22;2;2;0
chr6;53011398;53011869;23;1;1;0
chr6;54411373;54411959;21;1;1;0
chr6;54989592;54989908;21;1;1;0
chr6;55969543;55970361;18;2;2;0
chr6;66290698;66291361;17;2;2;0
chr6;67089766;67090550;14;3;3;0
chr6;70793776;70794329;19;4;4;0
chr6;71212103;71212914;23;4;3;1
chr6;71534813;71535278;37;3;2;1
chr6;72094408;72094803;39;1;1;0
chr6;72381616;72382231;34;2;2;0
chr6;80255504;80255860;1;3;2;1
chr6;81674521;81674843;6;0;0;0
chr6;81716782;81717358;7;1;1;0
chr6;82539488;82540025;35;1;1;0
chr6;83399307;83399816;44;2;2;0
chr6;86351118;86351441;38;1;0;1
chr6;86388120;86388917;38;4;3;1
chr6;86476136;86476684;35;1;1;0
chr6;86940889;86941737;38;2;2;0
chr6;86992180;86992790;38;1;1;0
chr6;87373796;87374757;38;2;2;0
chr6;87393182;87393509;37;0;0;0
chr6;87393623;87393828;37;0;0;0
chr6;90933375;90933955;33;0;0;0
chr6;90934109;90934728;33;1;1;0
chr6;90994377;90995142;31;1;1;0
chr6;90995990;90997007;31;4;4;0
chr6;91495959;91496919;23;3;3;0
chr6;91605954;91606434;21;0;0;0
chr6;92874339;92874770;11;5;5;0
chr6;94180737;94181177;4;3;3;0
chr6;94250597;94251078;5;2;1;1
chr6;94839224;94839945;7;4;3;1
chr6;97359566;97360155;9;1;1;0
chr6;97485769;97486618;9;1;1;0
chr6;97869214;97869775;8;1;0;1
chr6;97902841;97903326;9;0;0;0
chr6;99593955;99594551;7;0;0;0
chr6;99936530;99936863;10;4;4;0
chr6;99990369;99991155;10;0;0;0
chr6;101119730;101121212;9;5;5;0
chr6;101316613;101317482;8;2;2;0
chr6;112457560;112458039;27;3;3;0
chr6;112846342;112846768;36;1;1;0
chr6;116364966;116365580;30;2;1;1
chr6;116585133;116585781;27;0;0;0
chr6;117159989;117160795;25;2;2;0
chr6;117201359;117201931;25;1;1;0
chr6;117277167;117277811;24;1;1;0
chr6;117340392;117340959;24;1;1;0
chr6;117475885;117476968;23;3;3;0
chr6;117516747;117517312;21;1;1;0
chr6;117555315;117555960;21;0;0;0
chr6;117567100;117567916;21;1;1;0
chr6;118951396;118951974;21;2;2;0
chr6;119089331;119089464;20;0;0;0
chr6;119146208;119147148;20;2;2;0
chr6;120100103;120100690;28;2;2;0
chr6;120124491;120125363;28;2;2;0
chr6;120259566;120260246;30;3;2;1
chr6;121003316;121004095;23;2;1;1
chr6;122253521;122254249;33;4;3;1
chr6;122652337;122653026;29;2;1;1
chr6;124376567;124377069;52;3;3;0
chr6;124690653;124691521;55;3;3;0
chr6;124779042;124780064;54;1;1;0
chr6;125110119;125111831;52;2;2;0
chr6;125115008;125116130;52;1;1;0
chr6;125116317;125116810;52;0;0;0
chr6;125956542;125957126;31;2;2;0
chr6;126192177;126192846;22;1;1;0
chr6;126889550;126890350;21;3;2;1
chr6;127261310;127262221;21;4;4;0
chr6;127747228;127747798;34;4;4;0
chr6;134195905;134196407;18;0;0;0
chr6;134420707;134421336;19;0;0;0
chr6;134454875;134455281;19;1;1;0
chr6;135107323;135107957;20;1;0;1
chr6;135166410;135167065;20;3;2;1
chr6;136416979;136417674;21;1;1;0
chr6;136752354;136753208;24;0;0;0
chr6;137127511;137128069;24;1;1;0
chr6;137359217;137359742;24;0;0;0
chr6;140495326;140495954;8;1;1;0
chr6;142515708;142516422;24;2;2;0
chr6;142639211;142639566;22;1;1;0
chr6;143813267;143814196;6;3;3;0
chr6;144271898;144272465;7;4;4;0
chr6;144370326;144370740;8;1;1;0
chr6;144723418;144724310;10;4;4;0
chr6;144940397;144941030;12;2;2;0
chr6;145217622;145218319;12;2;2;0
chr6;145220634;145221253;12;2;2;0
chr6;145251881;145252633;12;1;1;0
chr6;145284589;145285015;12;1;1;0
chr6;145411188;145411773;12;0;0;0
chr6;146485338;146486330;21;1;1;0
chr6;146493832;146494502;21;1;1;0
chr6;146751287;146752212;20;0;0;0
chr6;146924224;146925141;17;5;5;0
chr6;148276615;148277102;17;1;1;0
chr6;148378705;148379192;18;2;2;0
chr6;148641665;148642397;16;2;1;1
chr7;103809040;103810963;15;8;7;1
chr7;119799442;119800238;12;0;0;0
chr7;3655302;3656106;46;1;1;0
chr7;4467986;4468185;71;0;0;0
chr7;4966375;4966958;57;1;1;0
chr7;6235157;6235631;39;1;1;0
chr7;6836018;6836559;36;0;0;0
chr7;7251885;7252572;28;0;0;0
chr7;13619759;13620387;41;2;2;0
chr7;17018692;17019265;47;0;0;0
chr7;17493073;17493533;41;1;1;0
chr7;26443627;26444047;55;0;0;0
chr7;26540354;26540882;53;1;1;0
chr7;27980836;27981427;54;0;0;0
chr7;29157864;29158484;82;0;0;0
chr7;29163901;29164568;82;0;0;0
chr7;29593873;29594552;72;0;0;0
chr7;30246273;30247259;81;2;2;0
chr7;30690998;30691593;91;1;1;0
chr7;31107292;31107763;90;2;1;1
chr7;31545489;31546130;87;3;3;0
chr7;35123376;35123952;24;2;2;0
chr7;35268128;35268855;27;3;2;1
chr7;36813821;36814195;19;1;1;0
chr7;37292804;37293488;10;0;0;0
chr7;47209394;47209898;7;2;2;0
chr7;51501720;51502372;104;1;1;0
chr7;51727169;51728067;113;0;0;0
chr7;51728206;51729230;113;3;2;1
chr7;51729539;51730450;113;1;1;0
chr7;51741466;51742196;114;0;0;0
chr7;52317507;52318093;119;2;2;0
chr7;52379831;52380609;119;1;0;1
chr7;53353840;53354310;90;2;2;0
chr7;53551453;53552031;77;4;4;0
chr7;56004504;56005084;15;0;0;0
chr7;56095795;56096345;17;2;2;0
chr7;56102677;56103922;17;2;2;0
chr7;56343371;56344437;17;5;5;0
chr7;59237314;59238130;6;4;2;2
chr7;61804911;61805623;1;5;4;1
chr7;70822731;70823100;9;1;1;0
chr7;72202188;72202619;14;1;1;0
chr7;73038144;73038976;18;2;1;1
chr7;74217237;74217487;20;1;0;1
chr7;75403222;75403977;10;2;2;0
chr7;77641670;77642238;3;1;1;0
chr7;78384217;78385090;4;1;1;0
chr7;80214295;80214935;7;2;1;1
chr7;80340043;80340679;7;5;5;0
chr7;80682433;80683244;7;1;1;0
chr7;81100134;81100663;7;5;5;0
chr7;81151608;81152200;7;1;1;0
chr7;81571987;81572582;8;4;4;0
chr7;81676475;81677013;8;0;0;0
chr7;82007580;82008111;8;0;0;0
chr7;86179246;86180110;29;1;1;0
chr7;86503209;86504053;41;1;1;0
chr7;87326033;87326410;43;0;0;0
chr7;87590303;87590990;44;3;2;1
chr7;87885805;87886468;41;1;1;0
chr7;88068038;88068426;41;0;0;0
chr7;88711598;88712354;26;1;1;0
chr7;88871033;88871930;28;3;2;1
chr7;90600537;90601123;18;1;0;1
chr7;90698233;90698923;18;1;1;0
chr7;96789430;96790130;17;4;4;0
chr7;99255558;99256169;11;1;1;0
chr7;99709501;99710004;11;2;2;0
chr7;102411351;102411979;3;2;2;0
chr7;103653942;103654630;13;4;4;0
chr7;103825471;103826049;15;2;2;0
chr7;104548239;104548901;24;2;2;0
chr7;104663381;104663727;25;3;2;1
chr7;105820574;105821254;29;3;3;0
chr7;105966389;105967206;29;2;2;0
chr7;106192456;106193087;32;0;0;0
chr7;106220150;106220625;31;2;2;0
chr7;106504075;106504651;32;1;1;0
chr7;108239021;108239552;41;3;3;0
chr7;108467193;108467693;45;3;2;1
chr7;108493002;108493631;44;2;2;0
chr7;108585413;108585879;43;4;3;1
chr7;108897052;108897516;53;2;2;0
chr7;109430715;109431421;71;0;0;0
chr7;112729801;112730423;62;1;1;0
chr7;117205036;117205115;27;0;0;0
chr7;117299809;117301315;27;6;5;1
chr7;117419585;117420044;26;1;1;0
chr7;117462208;117463122;26;0;0;0
chr7;117762405;117763296;23;2;2;0
chr7;118213189;118213935;14;1;1;0
chr7;118226061;118226644;14;2;0;2
chr7;118265746;118266532;14;0;0;0
chr7;118948210;118948623;13;3;2;1
chr7;119369787;119369950;9;0;0;0
chr7;119372429;119373046;9;2;1;1
chr7;119401765;119402709;9;2;2;0
chr7;119506018;119506851;10;2;1;1
chr7;119885061;119885756;13;1;1;0
chr7;120052676;120053104;13;0;0;0
chr7;120795134;120795674;14;0;0;0
chr7;121208824;121209361;15;0;0;0
chr7;122448033;122448594;10;2;2;0
chr7;123387883;123388643;7;0;0;0
chr7;125259417;125260056;16;1;1;0
chr7;125272756;125273545;16;1;1;0
chr7;125820227;125820873;22;0;0;0
chr7;126169804;126170392;32;3;3;0
chr7;129080519;129081395;27;4;4;0
chr7;129085729;129086317;27;1;1;0
chr7;129276275;129276764;22;1;1;0
chr7;130189784;130190990;19;2;2;0
chr7;131401984;131402547;7;0;0;0
chr7;132907783;132908428;34;2;2;0
chr7;132910594;132911110;35;3;3;0
chr7;133077122;133077723;48;3;3;0
chr7;133202886;133203593;57;4;3;1
chr7;133937182;133937771;85;0;0;0
chr7;134903080;134903567;90;3;3;0
chr7;137459723;137460669;14;3;3;0
chr7;138273324;138273868;24;1;1;0
chr7;138909242;138909863;26;2;1;1
chr7;139254287;139255159;26;0;0;0
chr7;140450616;140451413;20;5;4;1
chr7;142400628;142401095;11;2;1;1
chr7;143180676;143181101;9;0;0;0
chr7;146637595;146638787;39;2;1;1
chr7;148014574;148014922;91;0;0;0
chr7;148156818;148157466;91;1;1;0
chr7;149634551;149634994;47;1;1;0
chr7;149642558;149643062;46;0;0;0
chr7;149644935;149645864;47;3;3;0
chr7;149760067;149761427;45;0;0;0
chr7;149835877;149836370;46;2;2;0
chr7;150079314;150080129;48;3;1;2
chr7;150298011;150298669;44;1;1;0
chr7;150535242;150535770;36;0;0;0
chr7;150541574;150542121;36;0;0;0
chr7;150571518;150571998;35;0;0;0
chr8;4836683;4837208;23;4;4;0
chr8;5677338;5678059;4;4;4;0
chr8;7808285;7808998;3;5;5;0
chr8;8282153;8282633;4;3;3;0
chr8;9286986;9287458;11;3;3;0
chr8;11821544;11822379;21;4;4;0
chr8;12824262;12824827;32;1;1;0
chr8;13121267;13121361;38;0;0;0
chr8;13243432;13243950;38;1;1;0
chr8;13253762;13254568;38;0;0;0
chr8;13612038;13612686;35;2;2;0
chr8;14660300;14660989;18;3;2;1
chr8;15060677;15061252;10;5;5;0
chr8;18114958;18115719;11;1;1;0
chr8;18779737;18780526;24;3;2;1
chr8;19784489;19785113;26;2;2;0
chr8;20019917;20020596;20;2;2;0
chr8;24181062;24181651;27;2;2;0
chr8;25171798;25172513;20;1;1;0
chr8;26951146;26951869;24;4;4;0
chr8;27383717;27384257;26;0;0;0
chr8;27824251;27824724;27;0;0;0
chr8;27923470;27924097;22;0;0;0
chr8;27978640;27979098;20;0;0;0
chr8;28002228;28002794;20;1;1;0
chr8;28033608;28034070;20;2;2;0
chr8;32259956;32260927;6;2;2;0
chr8;32576086;32576809;6;3;2;1
chr8;35016164;35016938;20;4;4;0
chr8;35088599;35089547;19;4;4;0
chr8;35103312;35104016;19;1;1;0
chr8;35816044;35816564;14;3;2;1
chr8;35956019;35956207;13;1;1;0
chr8;36510100;36510432;10;0;0;0
chr8;36654748;36655174;12;1;1;0
chr8;36767780;36768573;12;2;2;0
chr8;36984792;36985362;11;1;1;0
chr8;36993325;36993781;11;0;0;0
chr8;37740756;37741644;11;5;5;0
chr8;42102550;42102605;18;0;0;0
chr8;42798719;42799506;12;0;0;0
chr8;46021003;46021589;11;1;1;0
chr8;47288959;47289903;23;0;0;0
chr8;47296111;47296643;23;0;0;0
chr8;47322004;47322573;23;2;2;0
chr8;48448404;48449094;18;4;4;0
chr8;49307694;49308116;14;2;2;0
chr8;49860736;49861488;8;3;3;0
chr8;49884256;49884687;8;1;1;0
chr8;49998198;49998669;6;1;1;0
chr8;54782027;54782398;7;3;3;0
chr8;55341887;55342512;9;3;3;0
chr8;59101982;59102502;12;0;0;0
chr8;59799168;59799761;10;2;2;0
chr8;59804951;59805605;10;0;0;0
chr8;59807120;59807899;10;0;0;0
chr8;59810377;59811025;10;0;0;0
chr8;60090435;60090928;8;0;0;0
chr8;60122652;60122995;8;0;0;0
chr8;63715433;63716104;14;1;1;0
chr8;63862349;63862970;14;0;0;0
chr8;64416378;64416922;10;0;0;0
chr8;70444623;70445583;12;3;3;0
chr8;71919140;71919733;42;2;1;1
chr8;72425192;72425757;68;1;1;0
chr8;72460167;72460800;69;3;3;0
chr8;72525332;72525972;69;5;4;1
chr8;72892830;72893204;68;2;2;0
chr8;73030413;73031110;77;1;1;0
chr8;74763297;74763834;57;0;0;0
chr8;80510948;80511643;12;4;3;1
chr8;80511820;80512881;12;1;1;0
chr8;83867212;83867684;8;0;0;0
chr8;85321038;85321728;20;1;1;0
chr8;85427208;85428067;21;2;2;0
chr8;85950839;85951380;41;3;3;0
chr8;87171131;87171654;68;2;2;0
chr8;87188773;87189590;67;1;1;0
chr8;87370330;87371143;65;0;0;0
chr8;87513812;87514692;62;5;4;1
chr8;87560362;87560990;57;1;1;0
chr8;87888832;87889610;43;0;0;0
chr8;87902970;87903720;43;0;0;0
chr8;87904604;87905355;43;2;2;0
chr8;90790229;90790893;16;6;5;1
chr8;90858197;90858693;16;1;1;0
chr8;91439677;91440616;14;3;3;0
chr8;92517424;92518026;5;4;4;0
chr8;92537659;92538185;5;1;1;0
chr8;94077112;94077724;10;0;0;0
chr8;94149396;94150332;10;2;2;0
chr8;94491198;94491797;15;3;3;0
chr8;94511725;94512342;15;2;1;1
chr8;94847519;94848223;18;2;1;1
chr8;96622233;96622867;42;3;3;0
chr8;97950465;97951289;42;1;1;0
chr8;98120414;98121338;39;2;2;0
chr8;98761694;98762410;20;1;1;0
chr8;98768406;98769158;20;1;0;1
chr8;106549635;106550110;28;1;1;0
chr8;107133015;107133714;55;0;0;0
chr8;108323315;108323986;72;2;2;0
chr8;108404384;108404914;70;1;1;0
chr8;108490024;108490821;71;2;2;0
chr8;109399578;109400176;47;2;2;0
chr8;111062713;111063136;7;1;1;0
chr8;112216915;112217802;24;2;2;0
chr8;113235105;113235591;35;0;0;0
chr8;116541967;116542874;8;4;3;1
chr8;117058046;117058472;7;2;2;0
chr8;117731059;117731680;4;3;2;1
chr8;118870802;118871384;13;1;0;1
chr8;119927520;119928232;16;1;1;0
chr8;121979158;121979593;23;0;0;0
chr8;122055867;122056244;24;1;1;0
chr8;122112869;122113530;27;0;0;0
chr8;123021964;123022604;30;2;1;1
chr8;123517393;123518202;27;0;0;0
chr8;123627592;123628392;25;1;1;0
chr8;126706117;126706882;42;2;2;0
chr8;126772722;126773651;36;3;2;1
chr8;127664744;127665476;25;4;4;0
chr8;127698572;127699412;25;0;0;0
chr8;127873019;127873860;25;3;2;1
chr8;127971473;127972106;25;1;0;1
chr8;128189805;128190387;22;4;3;1
chr8;129361036;129361807;11;2;2;0
chr8;129371376;129372451;11;1;1;0
chr8;130636867;130637479;6;1;1;0
chr8;130895522;130896263;7;0;0;0
chr9;3035561;3036742;15;8;6;2
chr9;3037187;3038559;15;11;9;2
chr9;3871139;3871538;19;1;0;1
chr9;6289205;6289567;8;2;2;0
chr9;7270047;7270487;22;3;3;0
chr9;9217608;9218026;7;0;0;0
chr9;9412371;9412812;6;2;2;0
chr9;9420313;9420830;6;0;0;0
chr9;9475290;9476088;6;2;2;0
chr9;9875360;9875729;4;1;1;0
chr9;13810156;13810517;20;2;2;0
chr9;14446958;14447506;28;1;0;1
chr9;16106653;16107258;9;3;3;0
chr9;16214021;16214627;5;2;2;0
chr9;20877555;20878172;68;0;0;0
chr9;20972583;20973382;70;2;2;0
chr9;21484169;21484686;66;1;1;0
chr9;22517773;22518207;32;2;2;0
chr9;24578057;24578918;10;0;0;0
chr9;24692570;24693259;10;0;0;0
chr9;24760681;24761429;10;2;2;0
chr9;24778529;24779278;10;1;1;0
chr9;25334459;25335222;7;3;3;0
chr9;28413698;28414094;2;2;2;0
chr9;28577196;28577835;2;2;2;0
chr9;28833184;28833703;2;2;2;0
chr9;29241382;29241932;3;3;2;1
chr9;30163198;30163760;12;1;1;0
chr9;30178195;30178729;12;1;1;0
chr9;30655581;30656445;15;1;1;0
chr9;30723327;30723942;15;1;1;0
chr9;31111328;31111806;15;1;1;0
chr9;31787889;31788465;14;1;1;0
chr9;31828637;31829065;14;2;2;0
chr9;31951790;31952478;11;1;1;0
chr9;31953711;31954549;11;4;4;0
chr9;32131170;32131892;9;3;3;0
chr9;34858995;34860285;21;5;3;2
chr9;35315865;35316477;22;1;1;0
chr9;38640592;38641098;78;1;1;0
chr9;40228089;40228880;46;2;1;1
chr9;40614529;40615445;29;1;1;0
chr9;40913248;40913730;15;1;1;0
chr9;41784060;41784405;10;0;0;0
chr9;41786301;41786867;10;0;0;0
chr9;42269771;42270238;12;0;0;0
chr9;42914050;42914534;17;0;0;0
chr9;44142315;44143156;56;1;1;0
chr9;46225292;46226016;17;5;5;0
chr9;46776753;46777498;12;3;3;0
chr9;47163010;47163406;3;0;0;0
chr9;47184561;47185450;4;2;2;0
chr9;47214705;47215537;4;6;5;1
chr9;47222324;47223040;4;3;1;2
chr9;47586454;47586886;10;1;1;0
chr9;49720412;49720809;29;2;2;0
chr9;54635562;54636101;30;3;3;0
chr9;55264192;55264762;27;1;1;0
chr9;56266129;56267082;27;5;5;0
chr9;56353990;56354257;29;0;0;0
chr9;56477359;56477891;35;1;1;0
chr9;57646382;57646819;48;2;1;1
chr9;57910462;57910855;45;0;0;0
chr9;58650313;58651324;34;5;4;1
chr9;58737601;58738117;34;2;2;0
chr9;58909982;58910724;33;4;4;0
chr9;59503900;59504866;23;3;3;0
chr9;60174460;60174928;22;4;4;0
chr9;61184764;61185693;14;1;1;0
chr9;61216335;61216839;15;0;0;0
chr9;61228210;61229631;15;4;3;1
chr9;62349342;62349935;17;3;2;1
chr9;63030108;63030586;20;2;1;1
chr9;63218133;63218618;23;5;5;0
chr9;63570532;63571303;23;2;1;1
chr9;63780539;63781155;21;3;3;0
chr9;64021001;64021579;24;0;0;0
chr9;64620945;64621674;36;3;3;0
chr9;65043775;65044795;39;2;2;0
chr9;65974132;65974749;40;1;1;0
chr9;66066911;66067526;39;2;2;0
chr9;66142383;66143299;37;3;2;1
chr9;66197270;66197740;35;3;3;0
chr9;66872508;66873296;23;2;1;1
chr9;66873817;66874339;23;1;1;0
chr9;66889651;66890487;23;3;3;0
chr9;66894499;66895308;22;0;0;0
chr9;66895912;66897279;22;0;0;0
chr9;67311129;67311667;17;0;0;0
chr9;67329743;67330487;17;1;1;0
chr9;67377138;67377796;15;4;4;0
chr9;67473586;67474325;14;3;2;1
chr9;67665559;67666379;12;3;3;0
chr9;67736213;67736601;11;0;0;0
chr9;68543202;68543775;7;1;1;0
chr9;68976353;68977232;9;0;0;0
chr9;71511318;71511973;17;6;4;2
chr9;71524599;71525415;17;3;2;1
chr9;71570113;71570600;17;1;1;0
chr9;72488895;72489502;21;1;1;0
chr9;72597726;72598621;21;1;1;0
chr9;72683185;72683771;20;0;0;0
chr9;73869035;73869645;11;3;3;0
chr9;75359029;75359383;20;2;2;0
chr9;77848402;77849414;25;2;2;0
chr9;78324117;78325375;24;4;4;0
chr9;78329188;78329642;24;1;1;0
chr9;78623317;78623955;25;1;1;0
chr9;81372992;81373663;2;3;3;0
chr9;83430930;83431584;10;1;1;0
chr9;83457324;83458092;10;2;2;0
chr9;85274389;85274788;8;1;1;0
chr9;86899810;86900717;12;2;2;0
chr9;87502456;87503575;15;4;4;0
chr9;87596843;87597564;15;2;1;1
chr9;87743685;87744164;16;2;2;0
chr9;88417229;88417918;16;1;1;0
chr9;95157053;95158054;12;3;3;0
chr9;97726337;97727080;14;1;1;0
chr9;100352895;100353587;14;1;1;0
chr9;100542978;100543601;10;0;0;0
chr9;101100867;101101559;9;2;2;0
chr9;101899225;101899819;12;2;1;1
chr9;102164298;102165201;15;1;1;0
chr9;102306121;102306678;16;1;1;0
chr9;102308418;102308761;16;0;0;0
chr9;102619902;102620364;18;0;0;0
chr9;103581655;103582175;20;1;1;0
chr9;105600049;105600634;32;0;0;0
chr9;106415183;106415711;36;3;3;0
chr9;107337370;107337846;69;1;1;0
chr9;107366662;107366901;68;0;0;0
chr9;107521367;107522309;72;0;0;0
chr9;110258008;110258794;47;4;4;0
chr9;110674299;110674671;43;0;0;0
chr9;110675014;110675021;43;0;0;0
chr9;110675449;110675767;43;0;0;0
chr9;111085748;111086357;36;2;2;0
chr9;111128414;111129073;36;2;2;0
chr9;111130815;111131339;36;2;2;0
chr9;115776383;115777041;10;1;1;0
chr9;116548687;116549061;3;1;1;0
chr9;116583222;116583778;3;1;1;0
chr9;118747879;118748494;26;1;1;0
chr9;119378493;119379475;34;3;2;1
chr9;119541240;119541830;36;0;0;0
chr9;120344808;120345306;24;1;1;0
chr9;121957213;121957751;32;1;1;0
chr9;122219529;122220112;36;2;2;0
chr9;123370842;123371450;32;1;1;0
chrX;6503156;6503808;36;1;1;0
chrX;6667285;6667902;39;2;2;0
chrX;50404867;50405377;21;1;1;0
chrX;50405398;50406773;21;2;2;0
chrX;56473476;56474301;5;5;5;0
chrX;56496218;56496871;6;3;3;0
chrX;58026668;58027360;9;2;2;0
chrX;70006746;70007530;41;8;8;0
chrX;98813142;98813657;33;2;2;0
chrX;98835099;98835751;31;0;0;0
chrX;131119830;131120466;34;4;4;0
chrX;139255643;139256210;11;1;1;0
chrX;139770336;139770855;11;0;0;0
chrX;154135416;154136144;6;2;2;0
chrX;154137226;154137292;6;0;0;0
chrX;156938827;156939471;12;3;3;0
chrX;157050607;157051219;11;2;1;1
chr10;6822571;6823559;21;2;2;0
chr10;6999805;7000237;18;1;1;0
chr10;7347065;7347830;17;3;3;0
chr10;8605781;8606278;6;0;0;0
chr10;10192084;10192749;11;1;1;0
chr10;12994400;12995129;13;2;2;0
chr10;12999888;13000920;13;1;1;0
chr10;14310598;14311108;8;3;3;0
chr10;15394751;15395145;4;2;1;1
chr10;17442615;17443317;11;0;0;0
chr10;17516869;17517690;12;4;4;0
chr10;18531601;18532155;17;3;3;0
chr10;18536284;18536892;17;0;0;0
chr10;19333262;19333770;16;2;2;0
chr10;19715121;19715587;14;0;0;0
chr10;20031470;20032122;16;0;0;0
chr10;20178667;20179656;18;3;3;0
chr10;20206717;20207487;17;2;2;0
chr10;22428141;22428761;12;2;2;0
chr10;23506655;23507335;27;1;1;0
chr10;24313123;24313681;28;3;3;0
chr10;24314990;24315766;28;2;1;1
chr10;24316764;24317104;28;0;0;0
chr10;24317186;24317869;28;1;1;0
chr10;30143278;30144147;9;4;4;0
chr10;30754363;30755050;9;4;4;0
chr10;30772792;30773629;9;3;3;0
chr10;30948806;30949396;8;2;2;0
chr10;30972737;30973233;8;0;0;0
chr10;32802895;32803790;11;2;2;0
chr10;36530962;36531407;4;1;1;0
chr10;37097996;37098552;4;0;0;0
chr10;37116998;37117748;4;5;3;2
chr10;37342851;37343273;4;0;0;0
chr10;37985319;37985926;4;8;6;2
chr10;39243909;39244507;18;2;2;0
chr10;39332745;39333152;19;3;3;0
chr10;39379117;39379955;20;0;0;0
chr10;39977217;39977979;21;2;2;0
chr10;39978139;39978842;21;2;2;0
chr10;40960659;40961443;22;5;4;1
chr10;41012693;41013468;20;1;1;0
chr10;41314870;41315389;21;2;2;0
chr10;42210923;42211303;19;1;1;0
chr10;43040925;43041399;20;1;1;0
chr10;44197908;44198432;14;0;0;0
chr10;44609447;44609787;10;0;0;0
chr10;44949416;44950250;7;3;3;0
chr10;51681293;51681844;15;1;1;0
chr10;56700575;56701268;15;2;1;1
chr10;56834708;56835133;18;1;1;0
chr10;57219339;57219928;16;1;1;0
chr10;57736072;57736520;17;4;4;0
chr10;58260312;58260960;22;2;2;0
chr10;58394881;58395662;23;4;4;0
chr10;59414109;59414761;22;0;0;0
chr10;59454199;59454845;22;3;3;0
chr10;59541026;59541933;22;3;3;0
chr10;59542601;59543544;22;4;3;1
chr10;59548688;59549127;22;1;1;0
chr10;60807679;60808454;29;6;5;1
chr10;60848713;60849359;29;2;2;0
chr10;61430550;61431174;37;1;1;0
chr10;61912311;61912729;42;0;0;0
chr10;62317553;62318376;33;0;0;0
chr10;62619576;62620193;31;1;0;1
chr10;66744405;66745029;10;3;2;1
chr10;74559689;74560411;30;3;3;0
chr10;74632809;74633731;31;1;1;0
chr10;74980515;74980893;39;2;2;0
chr10;75414213;75414791;45;0;0;0
chr10;75649683;75650369;44;12;12;0
chr10;76048908;76049374;44;0;0;0
chr10;76622368;76622810;44;0;0;0
chr10;76751275;76751763;45;3;3;0
chr10;78037096;78037628;48;1;0;1
chr10;79621124;79622453;96;4;3;1
chr10;79896449;79897073;118;1;1;0
chr10;80237015;80237822;118;1;0;1
chr10;80645288;80646082;101;0;0;0
chr10;80657129;80658139;100;0;0;0
chr10;80663741;80663952;100;0;0;0
chr10;80827940;80828161;93;2;2;0
chr10;80828170;80828696;93;0;0;0
chr10;82466323;82466793;24;1;1;0
chr10;83692988;83693529;17;1;0;1
chr10;84149184;84149742;14;3;3;0
chr10;84169901;84170441;14;2;2;0
chr10;86502245;86502736;15;2;2;0
chr10;88085135;88085837;21;4;4;0
chr10;88993752;88994532;15;2;2;0
chr10;90906066;90906580;5;1;1;0
chr10;92724466;92725008;17;0;0;0
chr10;92910026;92910575;18;1;1;0
chr10;93110495;93111224;19;5;5;0
chr10;94605196;94605775;16;0;0;0
chr10;94675352;94676094;14;1;1;0
chr10;95235843;95236595;12;1;1;0
chr10;95237495;95238171;12;1;1;0
chr10;96065524;96065982;7;1;1;0
chr10;96088205;96088677;8;2;1;1
chr10;96171038;96171647;10;1;1;0
chr10;98798725;98799164;7;0;0;0
chr10;99484769;99485278;11;1;1;0
chr10;104081442;104081858;1;1;1;0
chr10;106904810;106905382;8;2;2;0
chr10;107831095;107831892;7;0;0;0
chr10;108116730;108117445;4;3;3;0
chr10;110356863;110357573;9;0;0;0
chr10;111238097;111238616;13;4;4;0
chr10;115060902;115061341;16;2;2;0
chr10;116164737;116165321;24;2;2;0
chr10;116220841;116221741;26;1;1;0
chr10;116478923;116479919;26;4;4;0
chr10;116481979;116482703;26;3;2;1
chr10;116721838;116722632;26;4;4;0
chr10;116725928;116726560;26;2;2;0
chr10;117424377;117424886;22;3;3;0
chr10;117882522;117883079;12;1;1;0
chr10;118236780;118237347;9;2;1;1
chr10;119716318;119717136;14;8;8;0
chr10;119726350;119726872;14;1;1;0
chr10;120197660;120198115;21;1;1;0
chr10;120383911;120384392;22;3;2;1
chr10;120683798;120684447;19;2;2;0
chr10;121462107;121463142;16;4;3;1
chr10;122012136;122012965;12;4;3;1
chr10;123129484;123130095;4;2;2;0
chr10;127527429;127528796;93;1;1;0
chr10;127669495;127670360;91;2;2;0
chr10;127929988;127930582;92;1;0;1
chr10;127930629;127931169;92;0;0;0
chr10;127985864;127986511;90;2;2;0
chr11;9436935;9437628;7;5;5;0
chr11;78642750;78643336;50;1;1;0
chr11;72220763;72221683;40;1;1;0
chr11;100925169;100925775;81;2;2;0
chr11;3000218;3002569;29;0;0;0
chr11;3051997;3054646;31;7;6;1
chr11;5700902;5701235;44;1;0;1
chr11;5794060;5795458;43;2;2;0
chr11;5795862;5796910;42;0;0;0
chr11;6100008;6100532;34;3;3;0
chr11;6116886;6117335;35;1;1;0
chr11;6503506;6504307;31;2;2;0
chr11;8479669;8480413;7;1;1;0
chr11;11801246;11802166;12;2;2;0
chr11;11858331;11858865;12;1;1;0
chr11;16765088;16765796;10;3;3;0
chr11;17131060;17131658;11;3;3;0
chr11;18051665;18052282;7;2;2;0
chr11;18496788;18497346;3;4;4;0
chr11;18498178;18498894;3;6;6;0
chr11;18918425;18919288;3;2;1;1
chr11;19551206;19551826;9;0;0;0
chr11;19833087;19833541;11;2;2;0
chr11;19866159;19866720;11;2;2;0
chr11;20226507;20226995;12;2;2;0
chr11;20531299;20531796;15;0;0;0
chr11;21298996;21299698;11;0;0;0
chr11;21538092;21538808;12;3;3;0
chr11;22652448;22653005;17;0;0;0
chr11;24513400;24514000;9;4;4;0
chr11;25749222;25749642;6;3;3;0
chr11;28569367;28569971;11;2;2;0
chr11;28717309;28717881;13;2;2;0
chr11;29447776;29448377;17;1;1;0
chr11;30136778;30137342;18;4;4;0
chr11;31429442;31430305;24;0;0;0
chr11;31938135;31938922;23;2;1;1
chr11;35241483;35241842;9;0;0;0
chr11;35383234;35383910;8;2;2;0
chr11;37034383;37034801;1;1;1;0
chr11;40664018;40664564;4;3;2;1
chr11;46015208;46016001;21;1;1;0
chr11;46834338;46834727;18;1;1;0
chr11;48613262;48613770;40;1;1;0
chr11;49745433;49745945;54;3;3;0
chr11;49834307;49834990;55;3;3;0
chr11;50190673;50191441;48;1;1;0
chr11;50559813;50560626;42;2;2;0
chr11;50729190;50729617;42;0;0;0
chr11;51209962;51210387;41;4;4;0
chr11;51272224;51272656;40;2;2;0
chr11;52455300;52456013;33;1;1;0
chr11;52586337;52586809;32;1;1;0
chr11;53650435;53651501;37;2;2;0
chr11;54033468;54034184;45;1;1;0
chr11;55282270;55282890;19;0;0;0
chr11;55840250;55840712;13;0;0;0
chr11;57688378;57688864;52;3;3;0
chr11;58767833;58768596;82;0;0;0
chr11;58801751;58802401;84;2;2;0
chr11;58804254;58804954;84;2;2;0
chr11;60350493;60351039;47;2;2;0
chr11;60752382;60752920;45;1;1;0
chr11;61179802;61180561;43;0;0;0
chr11;61332251;61332714;40;4;3;1
chr11;62255608;62255968;32;0;0;0
chr11;62364431;62365476;27;0;0;0
chr11;62415993;62416892;26;1;1;0
chr11;63028747;63029368;21;1;1;0
chr11;63057300;63058085;20;1;1;0
chr11;63886899;63887478;7;1;1;0
chr11;64112158;64112785;7;2;2;0
chr11;64119341;64119656;7;0;0;0
chr11;64412544;64413139;7;0;0;0
chr11;64422130;64422993;7;5;5;0
chr11;64741663;64741972;9;0;0;0
chr11;65018536;65019324;8;1;1;0
chr11;65022712;65023573;8;1;1;0
chr11;65117066;65117808;9;6;5;1
chr11;65235156;65235890;9;4;4;0
chr11;66776929;66777562;24;1;1;0
chr11;66797294;66797740;25;5;3;2
chr11;67374930;67375485;27;2;2;0
chr11;68203930;68204911;41;5;4;1
chr11;68467659;68468152;54;2;2;0
chr11;68886471;68887361;81;2;2;0
chr11;69034427;69035062;85;1;1;0
chr11;69224301;69225201;92;2;2;0
chr11;69372619;69373462;98;0;0;0
chr11;69485513;69485988;106;0;0;0
chr11;69571643;69572599;108;1;1;0
chr11;69714071;69714800;108;1;1;0
chr11;69804296;69805159;107;2;1;1
chr11;70482536;70483059;80;1;1;0
chr11;71342016;71342706;43;3;3;0
chr11;74251499;74252068;46;3;3;0
chr11;74827300;74827825;44;0;0;0
chr11;75343957;75344320;42;1;1;0
chr11;77499085;77500073;57;2;2;0
chr11;79346731;79347320;32;3;3;0
chr11;79894407;79895139;27;4;4;0
chr11;80631412;80632325;18;1;1;0
chr11;82874184;82874498;44;0;0;0
chr11;83084530;83085287;43;1;1;0
chr11;83206624;83207192;43;1;1;0
chr11;83280662;83281522;43;2;2;0
chr11;85612955;85613839;28;0;0;0
chr11;86395561;86396497;26;3;3;0
chr11;86570825;86571605;29;2;2;0
chr11;87236161;87237034;38;1;1;0
chr11;87239927;87241040;38;3;3;0
chr11;87256773;87257342;38;0;0;0
chr11;87275842;87276439;38;1;1;0
chr11;87654194;87654846;30;1;1;0
chr11;87975161;87975497;35;1;1;0
chr11;88369082;88369572;35;0;0;0
chr11;88553401;88554065;30;4;3;1
chr11;89175532;89176161;19;0;0;0
chr11;89316944;89317308;21;0;0;0
chr11;90379148;90379806;13;0;0;0
chr11;95245713;95246213;61;0;0;0
chr11;96258246;96258867;54;2;1;1
chr11;96261044;96261975;54;1;1;0
chr11;97224576;97225283;54;0;0;0
chr11;97531056;97531578;65;1;1;0
chr11;97606224;97606700;69;0;0;0
chr11;98235355;98236209;68;1;1;0
chr11;98254435;98255074;69;2;2;0
chr11;98299399;98299745;70;0;0;0
chr11;98650070;98650618;95;3;3;0
chr11;100685408;100685831;89;0;0;0
chr11;100773891;100774449;84;1;0;1
chr11;101488160;101488889;79;1;1;0
chr11;101519105;101520232;77;2;2;0
chr11;101593779;101594360;76;3;3;0
chr11;102504969;102505940;61;2;2;0
chr11;104438417;104439799;26;2;1;1
chr11;104439801;104441183;26;8;6;2
chr11;104447892;104448644;26;2;1;1
chr11;104449122;104451072;26;6;6;0
chr11;105227112;105227667;36;2;2;0
chr11;106077797;106078365;41;0;0;0
chr11;106362622;106363423;38;0;0;0
chr11;106375795;106376245;38;0;0;0
chr11;106538626;106539827;39;3;3;0
chr11;106591949;106592648;40;3;3;0
chr11;106623415;106623621;41;2;2;0
chr11;106640463;106641441;41;1;0;1
chr11;106649367;106650530;41;1;1;0
chr11;108872840;108873515;18;1;1;0
chr11;109204802;109205346;22;3;3;0
chr11;109483870;109484703;22;4;3;1
chr11;111076277;111076981;6;2;2;0
chr11;112791636;112792124;13;2;2;0
chr11;113192353;113192982;15;6;5;1
chr11;113227395;113227643;15;1;1;0
chr11;113300678;113301453;16;1;1;0
chr11;115083280;115083993;69;6;4;2
chr11;115375366;115375976;75;2;2;0
chr11;115881391;115882227;79;1;1;0
chr11;115885423;115886013;79;0;0;0
chr11;116532291;116532886;54;1;0;1
chr11;116783243;116783803;55;1;1;0
chr11;119147110;119147692;35;3;2;1
chr11;120102820;120103613;77;1;1;0
chr11;120177373;120178141;75;3;3;0
chr11;120203812;120207185;76;5;4;1
chr11;120208496;120209234;75;0;0;0
chr11;120243759;120244493;74;3;3;0
chr12;4020298;4020887;27;0;0;0
chr12;8105825;8106458;13;2;2;0
chr12;8505873;8506189;13;0;0;0
chr12;8506379;8506459;13;0;0;0
chr12;8506478;8506890;13;1;1;0
chr12;9904742;9905390;7;2;2;0
chr12;12185634;12186002;9;0;0;0
chr12;12186039;12186778;9;4;4;0
chr12;12280834;12281304;8;1;1;0
chr12;12515858;12516553;7;1;1;0
chr12;12556382;12557134;7;2;1;1
chr12;12601254;12602001;7;2;2;0
chr12;13204782;13205474;7;0;0;0
chr12;16023337;16023968;8;1;1;0
chr12;17776067;17776934;15;2;2;0
chr12;25248235;25248699;13;1;1;0
chr12;25596941;25597465;11;1;1;0
chr12;25777015;25777817;11;1;1;0
chr12;25978563;25979469;9;2;1;1
chr12;26014657;26015329;10;3;3;0
chr12;26861068;26861805;4;2;2;0
chr12;29385084;29385805;9;0;0;0
chr12;29682427;29683412;10;4;4;0
chr12;30348232;30348736;8;2;1;1
chr12;30666536;30667089;8;2;2;0
chr12;31868315;31868969;21;2;2;0
chr12;32128739;32129378;21;5;5;0
chr12;32222355;32222915;21;3;2;1
chr12;32388717;32389178;20;2;2;0
chr12;32896684;32897595;21;4;3;1
chr12;33340978;33341397;15;4;4;0
chr12;33445471;33446316;14;2;2;0
chr12;33473819;33474640;14;1;0;1
chr12;33905006;33905820;13;5;4;1
chr12;34855509;34855899;11;1;1;0
chr12;35201545;35202067;7;1;1;0
chr12;53900442;53901176;9;2;2;0
chr12;53979998;53980857;7;2;2;0
chr12;55797317;55797976;26;0;0;0
chr12;56499451;56500030;26;0;0;0
chr12;60141013;60141788;10;3;2;1
chr12;66488050;66488485;10;0;0;0
chr12;72237437;72238105;17;2;2;0
chr12;72328661;72329207;18;1;1;0
chr12;73037599;73038214;18;0;0;0
chr12;74224557;74224984;19;0;0;0
chr12;74882209;74883053;18;2;2;0
chr12;75904737;75905665;13;0;0;0
chr12;76397103;76397934;14;4;4;0
chr12;76895471;76896096;21;2;2;0
chr12;78584034;78585079;9;2;2;0
chr12;78699018;78699597;8;1;1;0
chr12;79391282;79391718;15;1;1;0
chr12;80145682;80146160;15;2;2;0
chr12;80149868;80150515;15;2;2;0
chr12;80490898;80491627;19;1;1;0
chr12;80635476;80636265;21;4;4;0
chr12;81035030;81035704;21;1;1;0
chr12;81162707;81163412;23;0;0;0
chr12;81213564;81214410;21;1;1;0
chr12;81269284;81269777;20;1;1;0
chr12;81299512;81299957;20;2;2;0
chr12;81744747;81745436;23;3;3;0
chr12;82046143;82046755;25;3;3;0
chr12;83293713;83294199;13;1;1;0
chr12;84747675;84748243;25;0;0;0
chr12;84824622;84825133;27;2;2;0
chr12;84902260;84903097;27;6;5;1
chr12;85626132;85626552;43;1;1;0
chr12;85723260;85723952;46;3;3;0
chr12;85725166;85726021;46;3;3;0
chr12;86141062;86141806;43;1;1;0
chr12;86142678;86143049;43;1;1;0
chr12;86734266;86734809;33;2;2;0
chr12;86776839;86777741;31;0;0;0
chr12;87815452;87816105;31;1;1;0
chr12;88157748;88158388;34;3;3;0
chr12;88282847;88283643;36;3;3;0
chr12;92184047;92185177;8;2;2;0
chr12;93004528;93005183;6;3;2;1
chr12;95304708;95305234;0;2;2;0
chr12;95822329;95822808;0;2;2;0
chr12;95826848;95827451;0;1;1;0
chr12;96720114;96720530;2;2;2;0
chr12;99288724;99289158;9;1;1;0
chr12;100564117;100564718;20;4;4;0
chr12;100624262;100625068;20;1;1;0
chr12;101155948;101156507;20;2;2;0
chr12;101425277;101425859;20;0;0;0
chr12;101437383;101438129;19;1;1;0
chr12;101926106;101926781;19;2;2;0
chr12;102191792;102192483;20;3;2;1
chr12;104380761;104381486;36;4;3;1
chr12;104569401;104569471;41;0;0;0
chr12;104574682;104575549;41;3;2;1
chr12;105844177;105844862;40;2;1;1
chr12;106615169;106615724;22;0;0;0
chr12;108639895;108640662;7;2;2;0
chr12;111337170;111337823;17;1;1;0
chr12;111740367;111741315;24;3;2;1
chr12;113832672;113833176;44;2;1;1
chr12;114159609;114160202;37;3;3;0
chr12;114375819;114376610;35;3;2;1
chr12;117503685;117504289;10;2;2;0
chr12;118297035;118297389;11;0;0;0
chr12;118982915;118983639;6;4;4;0
chr12;119316807;119317804;9;5;5;0
chr13;3693944;3694479;21;3;3;0
chr13;6075214;6075744;3;0;0;0
chr13;6249314;6249909;3;3;2;1
chr13;8884624;8885157;11;1;1;0
chr13;9010786;9011414;11;0;0;0
chr13;9445656;9446200;11;2;2;0
chr13;11524436;11525503;5;1;1;0
chr13;12196364;12197129;12;2;2;0
chr13;12225516;12226335;12;1;1;0
chr13;12336050;12336638;14;1;1;0
chr13;12412136;12413114;14;3;3;0
chr13;12429743;12430638;14;1;1;0
chr13;15688991;15689954;5;4;4;0
chr13;15756421;15757047;2;1;1;0
chr13;17026809;17027418;5;2;2;0
chr13;17786961;17787526;6;0;0;0
chr13;23622606;23623178;66;0;0;0
chr13;23643155;23643848;66;1;1;0
chr13;23646721;23648398;66;2;2;0
chr13;23654046;23654537;65;1;1;0
chr13;23662809;23663494;65;2;2;0
chr13;23712710;23714454;65;2;2;0
chr13;23830511;23832063;64;6;5;1
chr13;24200127;24200566;64;1;1;0
chr13;24276081;24276582;61;1;1;0
chr13;24590205;24590930;55;3;3;0
chr13;29019008;29019580;7;2;2;0
chr13;29039562;29040316;7;0;0;0
chr13;29282092;29282805;5;3;3;0
chr13;29495045;29495707;5;0;0;0
chr13;29651015;29651583;6;2;2;0
chr13;30058899;30059478;9;2;2;0
chr13;30083792;30084298;10;0;0;0
chr13;31383989;31384540;12;0;0;0
chr13;31418163;31419024;12;2;1;1
chr13;31918407;31919165;11;6;6;0
chr13;32082355;32082967;12;5;3;2
chr13;32755677;32756570;19;4;3;1
chr13;32856144;32856707;19;2;2;0
chr13;36081269;36081963;7;4;4;0
chr13;36188719;36189319;6;5;5;0
chr13;36616728;36617030;7;1;0;1
chr13;36706006;36706622;7;1;1;0
chr13;37693969;37694798;14;3;2;1
chr13;38240102;38240647;14;2;2;0
chr13;38416355;38416976;14;0;0;0
chr13;39093083;39093856;11;1;1;0
chr13;39918814;39919129;4;3;3;0
chr13;41551328;41551988;15;3;3;0
chr13;41636601;41637151;15;4;4;0
chr13;41753916;41754438;15;1;1;0
chr13;42269773;42270214;10;0;0;0
chr13;43176323;43177002;11;2;2;0
chr13;43266629;43267212;11;0;0;0
chr13;43291169;43292017;10;0;0;0
chr13;43321258;43322167;10;3;2;1
chr13;43324905;43325647;10;4;4;0
chr13;46521950;46522875;16;1;1;0
chr13;46610680;46610946;16;1;1;0
chr13;46823423;46823761;14;0;0;0
chr13;46967577;46967991;14;2;2;0
chr13;47372352;47373040;13;3;3;0
chr13;49748327;49749025;23;3;3;0
chr13;52672939;52673688;13;2;2;0
chr13;52724014;52724344;13;1;1;0
chr13;53622113;53622680;14;2;2;0
chr13;53814722;53815548;20;3;3;0
chr13;55596177;55597243;54;2;2;0
chr13;55614251;55614817;54;1;1;0
chr13;57198834;57199241;15;1;1;0
chr13;57990338;57990989;13;4;3;1
chr13;58596759;58597428;13;1;1;0
chr13;64251256;64251913;18;3;3;0
chr13;69087649;69088312;10;3;3;0
chr13;71749519;71750235;3;1;1;0
chr13;72271244;72272055;2;3;3;0
chr13;72508136;72509130;6;3;2;1
chr13;72556808;72557580;6;2;1;1
chr13;73435943;73436920;24;4;3;1
chr13;74345907;74346646;33;3;3;0
chr13;77578014;77578467;6;1;1;0
chr13;78031845;78032349;6;4;4;0
chr13;80674948;80675530;2;2;2;0
chr13;81024332;81025140;6;1;1;0
chr13;81075437;81076072;6;2;2;0
chr13;81131472;81132238;6;0;0;0
chr13;81994982;81995629;6;1;1;0
chr13;81999728;82000181;6;2;1;1
chr13;82198445;82199155;5;2;2;0
chr13;82578190;82578696;5;0;0;0
chr13;89262149;89262530;6;2;2;0
chr13;89899672;89900315;6;2;2;0
chr13;90151808;90152480;9;1;1;0
chr13;90499674;90500526;8;2;2;0
chr13;91001722;91002209;12;1;1;0
chr13;91025536;91026680;13;4;3;1
chr13;93672963;93673763;21;2;2;0
chr13;93908085;93908693;21;2;2;0
chr13;94169602;94170198;22;1;1;0
chr13;98130855;98131441;20;4;3;1
chr13;99884353;99884871;23;2;2;0
chr13;100375727;100376365;26;0;0;0
chr13;102530885;102531339;8;2;2;0
chr13;103632346;103632998;6;2;1;1
chr13;103747986;103748575;6;0;0;0
chr13;105417466;105418240;17;1;1;0
chr13;105422494;105423110;17;2;2;0
chr13;105426170;105426782;17;2;2;0
chr13;108693254;108693971;13;0;0;0
chr13;108713626;108714048;13;1;1;0
chr13;109073133;109073642;9;3;2;1
chr13;109105711;109106471;9;2;2;0
chr13;109106946;109107330;9;1;1;0
chr13;110414886;110415490;6;3;2;1
chr13;110476007;110476870;5;2;2;0
chr13;111184608;111185124;6;1;1;0
chr13;112943648;112944349;22;1;1;0
chr13;113215263;113215703;24;0;0;0
chr13;113457433;113457836;23;1;1;0
chr13;114244703;114245185;24;1;1;0
chr13;115622808;115623303;10;2;2;0
chr13;115804251;115804762;10;1;1;0
chr13;115811541;115812161;10;3;2;1
chr13;115812657;115813126;10;1;1;0
chr13;116976913;116977910;4;5;5;0
chr13;118496196;118496745;5;2;2;0
chr13;119483587;119484200;11;0;0;0
chr13;119547677;119548203;11;2;2;0
chr14;122682973;122683649;18;2;2;0
chr14;20578340;20579238;28;2;2;0
chr14;11026600;11027072;1;0;0;0
chr14;11045688;11046344;1;4;3;1
chr14;11613039;11613661;4;2;2;0
chr14;12890215;12890788;7;3;2;1
chr14;13417527;13417923;7;0;0;0
chr14;14920636;14921553;12;1;1;0
chr14;19048887;19049313;6;1;1;0
chr14;20747002;20747599;28;4;4;0
chr14;21477556;21478765;30;3;3;0
chr14;21839093;21839659;35;1;1;0
chr14;22263554;22264218;27;1;0;1
chr14;22927741;22928334;12;2;2;0
chr14;23409374;23409809;13;0;0;0
chr14;23485264;23486085;13;2;2;0
chr14;23515137;23515849;12;2;2;0
chr14;24210605;24211276;7;1;1;0
chr14;24412318;24412979;8;4;4;0
chr14;24501812;24502500;10;0;0;0
chr14;25975397;25976173;23;4;4;0
chr14;27964540;27965068;21;0;0;0
chr14;27971724;27972258;21;2;2;0
chr14;28043622;28044074;18;1;1;0
chr14;28939817;28940494;8;2;2;0
chr14;29087859;29088465;9;4;4;0
chr14;29830896;29831535;11;1;1;0
chr14;32021185;32022560;41;1;1;0
chr14;32207628;32208415;43;5;5;0
chr14;32221708;32222304;44;2;2;0
chr14;32373887;32374589;43;1;0;1
chr14;33513388;33514609;24;3;3;0
chr14;34639321;34640081;31;2;2;0
chr14;35380799;35382148;24;2;2;0
chr14;35383031;35383563;24;0;0;0
chr14;35387056;35387855;24;1;1;0
chr14;35401357;35402129;24;1;1;0
chr14;35426661;35427117;24;3;3;0
chr14;36849527;36850150;6;1;1;0
chr14;37464177;37464735;9;2;1;1
chr14;37930166;37930668;6;2;2;0
chr14;41974167;41974760;19;1;1;0
chr14;46576208;46576925;17;2;2;0
chr14;48935836;48936548;17;3;2;1
chr14;52625406;52626055;48;1;1;0
chr14;52639726;52640596;47;4;3;1
chr14;54564825;54565169;34;0;0;0
chr14;55236694;55237209;56;0;0;0
chr14;55556059;55557164;77;1;1;0
chr14;55557168;55559197;77;2;2;0
chr14;55576013;55576716;79;2;2;0
chr14;55579243;55579732;79;1;1;0
chr14;55582826;55584547;79;5;5;0
chr14;55584926;55585673;79;3;3;0
chr14;55586216;55587703;79;2;2;0
chr14;55588003;55588618;79;0;0;0
chr14;55594419;55595293;80;1;1;0
chr14;55600986;55601890;80;1;1;0
chr14;55612239;55613785;80;6;6;0
chr14;55622989;55623951;80;2;2;0
chr14;55816686;55817404;91;2;2;0
chr14;56178843;56179424;85;1;1;0
chr14;56179462;56180009;85;0;0;0
chr14;56290795;56291370;83;1;1;0
chr14;58226349;58226863;24;1;1;0
chr14;58919022;58919727;17;3;2;1
chr14;59165537;59166353;17;2;1;1
chr14;59245301;59246061;18;1;0;1
chr14;59849097;59849756;12;1;1;0
chr14;61163396;61163977;20;1;1;0
chr14;61211430;61212103;19;1;1;0
chr14;63638287;63638799;26;0;0;0
chr14;63769001;63769612;30;4;2;2
chr14;63861207;63861931;30;6;6;0
chr14;63888243;63888873;30;3;3;0
chr14;63975883;63976565;29;1;1;0
chr14;64942343;64943122;22;1;1;0
chr14;65588762;65589606;26;2;2;0
chr14;65697316;65697721;25;2;2;0
chr14;67435233;67435622;30;2;1;1
chr14;67435641;67436217;30;0;0;0
chr14;68333225;68333755;21;2;2;0
chr14;69117689;69118159;21;1;1;0
chr14;70212597;70213219;40;1;1;0
chr14;70456074;70456546;40;2;2;0
chr14;71250903;71251528;26;2;1;1
chr14;73440753;73441531;10;0;0;0
chr14;75290292;75290870;17;1;1;0
chr14;75918654;75919134;23;0;0;0
chr14;76233895;76234966;21;1;1;0
chr14;76743326;76743961;19;2;2;0
chr14;76904050;76904833;19;0;0;0
chr14;77175176;77175507;14;2;2;0
chr14;77864464;77865032;12;0;0;0
chr14;78519707;78520312;13;2;2;0
chr14;79277859;79278697;22;3;3;0
chr14;79625005;79625893;21;2;2;0
chr14;79639066;79639587;21;2;2;0
chr14;79648574;79649063;21;1;1;0
chr14;85086737;85086982;1;0;0;0
chr14;86330243;86330758;1;2;2;0
chr14;98263549;98264410;1;4;4;0
chr14;98319090;98319506;1;1;1;0
chr14;100142534;100143268;8;3;3;0
chr14;100297930;100298603;8;1;1;0
chr14;101202339;101202759;9;2;1;1
chr14;104079452;104080134;10;4;3;1
chr14;105484498;105485148;8;2;2;0
chr14;111884911;111885392;3;0;0;0
chr14;112287013;112287342;2;2;2;0
chr14;118350281;118351255;10;2;2;0
chr14;118400024;118400404;11;2;2;0
chr14;118400669;118401492;11;1;1;0
chr14;119442950;119443412;12;2;2;0
chr14;121245362;121245937;9;2;2;0
chr14;121346222;121346818;10;3;3;0
chr14;121533596;121534048;12;3;3;0
chr14;122118608;122119205;16;3;3;0
chr14;122420722;122421195;18;2;2;0
chr14;122467881;122468737;18;1;1;0
chr14;123287576;123288124;16;2;2;0
chr15;80085508;80086154;44;0;0;0
chr15;3383053;3383807;6;3;3;0
chr15;5876423;5876915;15;1;1;0
chr15;6165912;6166347;12;0;0;0
chr15;7430000;7430505;14;2;2;0
chr15;7731263;7731966;12;0;0;0
chr15;8626327;8626702;17;1;1;0
chr15;10318334;10318819;18;1;1;0
chr15;10591483;10592083;15;2;1;1
chr15;10597973;10598574;15;5;5;0
chr15;11431196;11431525;15;1;1;0
chr15;12372431;12372965;10;3;3;0
chr15;12679127;12680156;10;4;4;0
chr15;17226737;17227040;1;2;2;0
chr15;18774349;18774960;1;4;4;0
chr15;18923164;18923533;1;2;2;0
chr15;23381705;23382462;1;3;2;1
chr15;25483890;25484567;9;3;3;0
chr15;25609712;25610647;9;3;3;0
chr15;25849492;25850486;9;1;1;0
chr15;25874996;25875374;9;1;1;0
chr15;27435870;27436453;8;2;2;0
chr15;27770167;27770927;8;2;2;0
chr15;31531697;31532247;10;1;1;0
chr15;32196093;32196661;11;2;2;0
chr15;34373306;34373907;15;2;2;0
chr15;35237467;35237981;17;1;1;0
chr15;36010355;36010856;17;2;2;0
chr15;36233582;36234481;16;3;3;0
chr15;36625211;36625686;18;2;1;1
chr15;38095589;38096035;15;1;1;0
chr15;38099194;38100048;15;1;1;0
chr15;38115597;38116312;15;0;0;0
chr15;38496747;38497559;13;2;2;0
chr15;39848506;39849314;10;2;2;0
chr15;40810931;40811575;5;0;0;0
chr15;41582859;41583440;5;2;2;0
chr15;42052823;42053371;4;2;2;0
chr15;42599894;42600381;8;6;6;0
chr15;50330487;50330855;1;0;0;0
chr15;50339493;50340079;1;0;0;0
chr15;50823244;50824097;4;0;0;0
chr15;50962584;50963002;5;1;1;0
chr15;55144679;55145230;14;1;1;0
chr15;55845487;55846094;11;1;1;0
chr15;56552082;56552610;5;4;4;0
chr15;56600499;56601059;6;0;0;0
chr15;58021668;58022485;22;2;2;0
chr15;58206812;58207138;26;0;0;0
chr15;59028810;59029934;18;1;1;0
chr15;59036981;59037547;18;2;2;0
chr15;59058806;59059268;17;2;2;0
chr15;61598188;61598668;6;0;0;0
chr15;62062307;62062994;3;0;0;0
chr15;62750898;62751455;7;3;3;0
chr15;62897406;62898103;7;3;3;0
chr15;63567853;63568600;10;2;2;0
chr15;64011073;64011710;10;2;2;0
chr15;64065907;64066272;10;2;2;0
chr15;65739080;65739556;11;0;0;0
chr15;66574756;66575790;12;1;1;0
chr15;66657054;66658061;12;6;5;1
chr15;66952840;66953592;9;2;2;0
chr15;68244015;68244983;4;3;2;1
chr15;70779823;70780386;3;1;1;0
chr15;71070978;71071659;3;4;4;0
chr15;71073763;71074415;3;0;0;0
chr15;71719848;71720439;5;4;3;1
chr15;73054928;73055615;14;2;2;0
chr15;73300190;73300878;14;1;1;0
chr15;76843885;76844784;70;1;1;0
chr15;76849058;76849835;69;1;1;0
chr15;76849841;76850539;69;1;1;0
chr15;78236799;78237317;59;2;1;1
chr15;79836577;79837057;53;1;1;0
chr15;79906504;79907619;50;3;3;0
chr15;79913626;79914191;50;0;0;0
chr15;80897141;80897668;43;3;3;0
chr15;82016623;82017251;57;1;1;0
chr15;82979520;82980555;42;0;0;0
chr15;83353800;83354531;32;0;0;0
chr15;83469616;83470212;32;0;0;0
chr15;83515188;83515682;32;3;3;0
chr15;83566588;83567214;32;0;0;0
chr15;84986675;84987148;29;2;1;1
chr15;85290558;85291195;25;2;2;0
chr15;85465212;85465541;23;0;0;0
chr15;86002451;86003270;13;4;3;1
chr15;86232340;86233044;12;0;0;0
chr15;86235125;86235878;12;5;5;0
chr15;86256603;86257283;12;1;1;0
chr15;86312582;86313241;11;4;3;1
chr15;86413092;86413688;10;2;2;0
chr15;88662027;88662395;35;0;0;0
chr15;88669564;88669978;35;2;1;1
chr15;88850236;88851312;35;5;4;1
chr15;88904498;88905503;35;2;2;0
chr15;90372419;90373027;12;0;0;0
chr15;90886659;90887038;12;0;0;0
chr15;92835832;92836780;9;2;2;0
chr15;93713628;93714046;10;0;0;0
chr15;94634121;94634588;9;0;0;0
chr15;94774389;94775042;9;2;2;0
chr15;96354686;96355212;14;0;0;0
chr15;96516348;96516562;13;0;0;0
chr15;96600127;96600577;16;2;1;1
chr15;96933097;96933938;20;2;2;0
chr15;97578660;97579150;39;0;0;0
chr15;97695273;97695996;45;1;1;0
chr15;98432853;98433530;66;1;1;0
chr15;99246877;99247426;65;3;2;1
chr15;99367380;99367884;63;1;1;0
chr15;99802936;99803496;50;1;1;0
chr15;100030207;100030399;47;0;0;0
chr15;100122063;100122515;46;2;2;0
chr15;103077869;103078828;47;1;1;0
chr16;4160567;4161104;39;1;1;0
chr16;4418479;4419254;43;2;2;0
chr16;4879846;4880318;38;0;0;0
chr16;5430881;5431845;26;3;3;0
chr16;7099752;7100515;1;4;3;1
chr16;7130081;7130675;1;2;2;0
chr16;7140906;7141533;1;1;0;1
chr16;8494260;8494793;10;2;1;1
chr16;9054404;9055040;11;1;1;0
chr16;11475288;11476111;26;4;3;1
chr16;12669210;12669852;10;8;7;1
chr16;12697087;12697824;12;4;4;0
chr16;14265172;14266162;25;4;4;0
chr16;14945385;14946004;18;4;4;0
chr16;21216123;21216669;33;1;1;0
chr16;21271399;21272428;32;4;3;1
chr16;21293328;21294472;32;5;5;0
chr16;21294589;21295532;32;2;1;1
chr16;22542813;22543538;28;1;1;0
chr16;23107267;23108213;24;0;0;0
chr16;23127958;23128618;24;2;1;1
chr16;23239463;23240135;23;2;2;0
chr16;23498875;23499623;22;3;3;0
chr16;24203198;24203659;11;2;2;0
chr16;24501532;24502105;8;1;1;0
chr16;25027775;25028223;5;7;4;3
chr16;25945379;25945774;8;1;1;0
chr16;26185787;26186575;7;1;1;0
chr16;29742826;29743440;16;1;1;0
chr16;29759226;29760027;16;1;1;0
chr16;30242013;30242948;16;1;1;0
chr16;30799569;30800492;17;2;2;0
chr16;32487061;32487839;35;1;1;0
chr16;32821792;32822417;39;3;3;0
chr16;33606766;33607688;22;1;1;0
chr16;33928762;33929328;17;0;0;0
chr16;34931229;34931884;17;2;2;0
chr16;34958539;34959564;17;4;4;0
chr16;35067044;35067560;19;2;2;0
chr16;35215361;35215777;26;0;0;0
chr16;35224673;35225440;27;0;0;0
chr16;36043157;36043679;40;3;3;0
chr16;36053329;36054266;40;1;1;0
chr16;37684586;37685082;31;2;1;1
chr16;37691029;37691730;31;2;2;0
chr16;38350431;38351090;26;0;0;0
chr16;38361813;38362861;26;2;2;0
chr16;38624417;38625093;23;2;2;0
chr16;38653448;38654020;22;2;1;1
chr16;38672325;38673076;21;1;1;0
chr16;38713224;38713990;21;4;4;0
chr16;39867412;39867931;2;3;2;1
chr16;43701648;43702495;17;1;1;0
chr16;45110554;45111128;28;2;2;0
chr16;45881352;45882020;19;1;1;0
chr16;48172258;48172752;11;1;1;0
chr16;52059462;52060083;2;3;3;0
chr16;52947573;52948522;2;0;0;0
chr16;55540850;55541286;12;4;4;0
chr16;57391456;57392035;13;1;1;0
chr16;57496324;57496957;15;2;2;0
chr16;58179643;58180079;31;2;2;0
chr16;59517166;59517943;38;1;1;0
chr16;64368446;64369000;6;1;1;0
chr16;70259277;70260014;3;0;0;0
chr16;73223271;73223671;2;0;0;0
chr16;74022592;74022983;2;0;0;0
chr16;76298075;76298522;6;2;2;0
chr16;77612302;77612824;6;2;1;1
chr16;77665983;77666788;6;3;3;0
chr16;85802871;85803730;8;1;1;0
chr16;86719559;86720030;9;2;2;0
chr16;90449905;90450680;22;2;2;0
chr16;90613820;90614642;23;6;6;0
chr16;90921377;90922234;30;2;2;0
chr16;92301184;92301743;23;3;3;0
chr16;92399859;92400515;23;1;1;0
chr16;92428584;92429440;21;1;1;0
chr16;92451925;92452469;21;0;0;0
chr16;92883823;92884607;18;3;3;0
chr16;93042978;93043461;17;1;1;0
chr16;93153156;93153912;16;0;0;0
chr16;96421344;96422092;15;3;3;0
chr16;96422161;96422664;15;0;0;0
chr16;96427443;96428064;15;1;1;0
chr16;96434437;96435114;15;1;1;0
chr16;98170044;98170428;13;0;0;0
chr16;98178715;98179307;13;2;2;0
chr17;5050988;5051730;8;4;3;1
chr17;5098955;5099839;8;7;7;0
chr17;7473506;7473965;26;1;1;0
chr17;8117002;8117785;24;5;4;1
chr17;8749061;8749605;16;2;2;0
chr17;10087427;10088654;8;3;3;0
chr17;10170253;10170969;8;0;0;0
chr17;10339878;10340387;7;2;2;0
chr17;10583019;10583704;6;2;2;0
chr17;10666441;10667232;6;1;1;0
chr17;10693600;10694225;6;3;3;0
chr17;10742449;10743337;6;3;3;0
chr17;10812604;10813419;6;0;0;0
chr17;10909385;10910043;5;3;3;0
chr17;10991003;10991660;6;2;1;1
chr17;12660275;12661123;31;4;4;0
chr17;12983504;12984280;34;1;1;0
chr17;14519544;14520378;22;1;1;0
chr17;14529190;14530031;22;2;2;0
chr17;15194876;15195853;23;3;3;0
chr17;17511005;17511777;14;0;0;0
chr17;23810143;23811158;64;2;2;0
chr17;24773620;24774305;101;4;4;0
chr17;24986541;24987212;101;0;0;0
chr17;25410366;25410906;102;1;1;0
chr17;25599755;25600267;96;4;4;0
chr17;25604626;25605208;96;2;2;0
chr17;25718878;25719486;94;1;1;0
chr17;26122665;26123208;76;0;0;0
chr17;26519398;26520134;64;5;4;1
chr17;26782008;26782717;66;5;5;0
chr17;26836645;26837141;66;2;2;0
chr17;27733278;27733831;47;2;1;1
chr17;28171901;28172378;46;4;2;2
chr17;29169151;29169881;45;1;1;0
chr17;29383439;29384144;40;1;1;0
chr17;29388589;29389293;40;0;0;0
chr17;29390672;29391149;40;0;0;0
chr17;29393817;29394584;40;2;2;0
chr17;30555506;30555828;24;1;1;0
chr17;31867800;31868217;39;2;1;1
chr17;33941729;33942165;86;2;1;1
chr17;34066118;34066829;93;2;2;0
chr17;34088186;34088865;93;3;2;1
chr17;34255737;34256357;108;1;0;1
chr17;35284104;35284585;128;1;1;0
chr17;35856348;35857056;109;0;0;0
chr17;35857077;35857697;108;1;1;0
chr17;36053761;36054477;103;0;0;0
chr17;36057803;36058428;103;0;0;0
chr17;36368056;36368683;85;0;0;0
chr17;39979793;39985927;6;2;2;0
chr17;44437508;44438132;16;2;2;0
chr17;45703616;45704318;44;1;1;0
chr17;45939200;45939857;57;0;0;0
chr17;46376471;46377108;60;2;1;1
chr17;47582900;47583418;57;2;2;0
chr17;47735010;47735536;55;2;1;1
chr17;47736738;47737437;55;1;1;0
chr17;48571628;48572339;33;0;0;0
chr17;49217232;49218014;22;2;2;0
chr17;50013544;50014030;12;1;1;0
chr17;51006715;51007305;9;4;3;1
chr17;57150457;57151148;60;0;0;0
chr17;63011016;63011739;3;1;1;0
chr17;64992738;64993538;9;4;3;1
chr17;64996526;64997367;9;5;4;1
chr17;66234159;66234918;16;3;3;0
chr17;66690955;66691579;17;2;2;0
chr17;68213577;68214157;7;2;2;0
chr17;69200558;69201004;6;1;1;0
chr17;71328591;71329356;18;4;4;0
chr17;71597932;71598887;18;2;2;0
chr17;71600117;71600555;18;2;2;0
chr17;72031148;72031690;18;1;1;0
chr17;72047289;72048136;18;0;0;0
chr17;72439092;72439603;15;0;0;0
chr17;72624551;72625330;14;3;2;1
chr17;73267195;73268070;8;0;0;0
chr17;73363415;73364151;8;1;1;0
chr17;73371565;73372659;9;5;5;0
chr17;73372663;73372867;9;1;1;0
chr17;74345228;74345855;14;4;4;0
chr17;78718131;78718546;14;3;3;0
chr17;78970943;78971360;17;1;1;0
chr17;80460143;80460639;23;1;1;0
chr17;80606320;80607090;22;0;0;0
chr17;82136742;82138153;4;1;0;1
chr17;82180637;82181538;4;2;2;0
chr17;83477126;83478300;8;5;5;0
chr17;83522223;83522905;8;0;0;0
chr17;84203178;84203752;16;5;4;1
chr17;86701998;86702740;16;1;1;0
chr17;94724640;94725321;3;2;2;0
chr18;4987607;4987887;9;0;0;0
chr18;5018629;5019280;9;1;1;0
chr18;5812872;5813374;11;3;3;0
chr18;5840929;5841337;11;1;1;0
chr18;5989533;5990287;11;0;0;0
chr18;10293109;10293743;13;2;1;1
chr18;10784148;10784655;11;8;8;0
chr18;10787311;10788189;11;1;1;0
chr18;11069363;11070039;9;4;3;1
chr18;11234048;11235024;9;2;2;0
chr18;11373132;11374112;12;0;0;0
chr18;13533505;13534253;7;4;4;0
chr18;13718608;13719822;8;4;4;0
chr18;13919314;13920046;8;1;1;0
chr18;14836999;14837593;10;0;0;0
chr18;15179971;15180380;11;1;1;0
chr18;15352850;15353613;11;2;2;0
chr18;15411850;15412852;11;6;6;0
chr18;16873777;16874680;4;5;4;1
chr18;16899026;16899761;3;2;2;0
chr18;17518422;17518878;1;3;2;1
chr18;20210559;20211407;15;2;2;0
chr18;20218410;20219207;15;1;1;0
chr18;21710353;21711180;14;2;2;0
chr18;23811535;23812005;16;0;0;0
chr18;30126036;30126624;1;3;2;1
chr18;32558138;32559224;20;5;5;0
chr18;34023945;34024571;25;4;4;0
chr18;35113746;35114579;37;0;0;0
chr18;36001744;36002252;40;0;0;0
chr18;38921142;38921888;21;1;1;0
chr18;39513589;39514006;12;2;2;0
chr18;39934622;39935162;10;0;0;0
chr18;40412327;40412778;8;1;1;0
chr18;41588875;41589540;10;4;4;0
chr18;43611783;43612348;22;2;2;0
chr18;44657738;44658352;17;1;1;0
chr18;46786774;46787236;21;3;3;0
chr18;47684625;47685613;13;1;1;0
chr18;47807547;47807999;9;1;1;0
chr18;49605084;49605783;6;0;0;0
chr18;49870862;49871817;7;2;2;0
chr18;50297079;50297729;8;3;3;0
chr18;53135969;53136648;13;2;2;0
chr18;54334006;54334970;7;4;4;0
chr18;54917167;54917516;2;4;4;0
chr18;55035768;55036308;2;2;2;0
chr18;55272684;55273099;1;2;2;0
chr18;55293218;55294277;1;1;1;0
chr18;55295855;55296554;1;1;1;0
chr18;55524004;55524750;1;1;1;0
chr18;55535083;55535958;1;0;0;0
chr18;55650124;55650868;2;4;3;1
chr18;57390009;57390709;14;4;4;0
chr18;57948483;57949006;11;0;0;0
chr18;58321346;58322205;10;1;1;0
chr18;58363942;58364565;11;2;2;0
chr18;58762537;58762961;8;4;4;0
chr18;61490999;61492024;32;6;6;0
chr18;61492141;61492801;32;2;1;1
chr18;61576068;61576641;31;2;1;1
chr18;61803884;61804412;30;1;1;0
chr18;61804583;61806293;30;4;3;1
chr18;61807193;61807751;30;0;0;0
chr18;61935906;61936587;30;2;2;0
chr18;62208734;62209348;26;4;4;0
chr18;65848420;65848945;16;2;2;0
chr18;67438642;67439248;21;1;1;0
chr18;67629055;67629818;22;3;3;0
chr18;67671080;67671580;22;2;2;0
chr18;68340123;68341167;21;3;1;2
chr18;70693496;70694006;9;2;2;0
chr18;71964271;71964652;2;0;0;0
chr18;72537994;72538726;2;2;2;0
chr18;72966700;72967328;6;4;4;0
chr18;73049813;73050257;7;0;0;0
chr18;73219728;73220270;8;2;1;1
chr18;74877377;74878044;18;0;0;0
chr18;75455075;75455834;13;2;2;0
chr18;75479220;75480021;13;0;0;0
chr18;75580938;75581509;12;1;0;1
chr18;75841935;75842338;12;0;0;0
chr18;80527038;80528615;16;3;2;1
chr18;80528649;80529183;16;1;1;0
chr18;81624641;81625234;5;0;0;0
chr19;3392192;3392998;45;4;3;1
chr19;3893399;3894067;63;6;5;1
chr19;4961941;4962540;105;0;0;0
chr19;5487895;5488547;104;0;0;0
chr19;5793772;5795719;97;6;6;0
chr19;5796499;5798197;96;4;4;0
chr19;5798507;5799464;96;3;3;0
chr19;5802440;5803248;96;3;3;0
chr19;5803361;5803555;96;0;0;0
chr19;5827262;5828035;95;1;1;0
chr19;6984187;6984545;68;0;0;0
chr19;7054906;7055252;64;1;1;0
chr19;7131855;7132346;53;1;1;0
chr19;8787934;8788021;40;0;0;0
chr19;8801977;8802074;40;0;0;0
chr19;8848701;8849333;40;2;2;0
chr19;9102088;9102995;42;3;3;0
chr19;9122533;9122981;43;0;0;0
chr19;10557926;10558527;52;0;0;0
chr19;10679560;10679999;55;1;1;0
chr19;12870528;12870724;71;0;0;0
chr19;14240132;14240723;30;0;0;0
chr19;14459836;14460411;24;3;2;1
chr19;14489688;14490185;23;0;0;0
chr19;18805324;18806006;7;5;5;0
chr19;21874186;21874751;8;2;2;0
chr19;21933381;21934213;8;2;2;0
chr19;21956550;21957200;8;4;3;1
chr19;24120910;24121776;25;1;1;0
chr19;24155093;24155484;25;1;1;0
chr19;24287089;24287608;22;0;0;0
chr19;24830847;24831740;19;2;2;0
chr19;25011582;25012070;19;0;0;0
chr19;25354012;25354514;15;1;1;0
chr19;25648314;25649308;11;1;1;0
chr19;26045526;26046124;7;3;2;1
chr19;26874049;26874659;7;0;0;0
chr19;27471104;27471663;8;1;1;0
chr19;27484287;27484906;8;2;1;1
chr19;28077927;28078605;13;0;0;0
chr19;28252692;28253277;18;1;1;0
chr19;29149390;29149799;29;1;1;0
chr19;29685020;29685987;34;3;3;0
chr19;29746535;29746993;34;3;3;0
chr19;31773301;31774064;9;4;4;0
chr19;32327963;32328466;10;2;2;0
chr19;32414565;32415417;10;5;4;1
chr19;32514684;32515322;10;2;2;0
chr19;32989343;32989848;13;2;1;1
chr19;33240857;33241475;16;2;2;0
chr19;34326778;34327794;25;0;0;0
chr19;34827680;34828341;23;4;4;0
chr19;34833028;34834013;23;3;3;0
chr19;36184749;36186270;11;0;0;0
chr19;36189187;36189742;11;1;1;0
chr19;36191069;36191728;11;1;1;0
chr19;36193918;36194962;11;4;2;2
chr19;36203957;36204810;11;3;3;0
chr19;36810810;36811422;19;0;0;0
chr19;40509443;40509988;22;2;1;1
chr19;40586276;40587166;23;2;2;0
chr19;41993413;41993974;34;2;2;0
chr19;42528721;42529518;29;0;0;0
chr19;43790684;43791482;28;12;9;3
chr19;46579256;46579814;48;2;2;0
chr19;47369137;47369933;41;2;2;0
chr19;47532126;47532765;34;1;1;0
chr19;48083963;48084617;21;4;3;1
chr19;48726150;48726750;9;4;3;1
chr19;48839725;48840338;6;1;1;0
chr19;49655613;49655964;3;0;0;0
chr19;53200207;53200845;15;3;3;0
chr19;53203032;53203559;15;1;1;0
chr19;53790317;53791578;14;5;5;0
chr19;53876023;53876724;14;1;1;0
chr19;55637697;55638316;15;1;1;0
chr19;57231973;57232352;16;0;0;0
chr19;57283790;57284341;16;0;0;0
chr19;58219828;58220485;14;1;1;0
chr19;59492307;59493305;19;2;2;0
chr19;60368451;60369213;20;4;3;1
chr19;60866318;60867013;16;2;2;0
chr19;61275154;61275900;14;1;1;0
